-- Populating Person
INSERT INTO Person (P_ID, P_DateOfBirth, P_FullName, P_ICNumber, P_Address, P_Gender, P_Nationality, P_PhoneNumber, P_Email, P_MaritalStatus) VALUES ('P001', TO_DATE('1969-08-28', 'YYYY-MM-DD'), 'Priya Wei', '690828-08-5837', 'Apt 13, Jalan Merdeka, Shah Alam', 'F', 'Malaysian', '012-7022674', 'user1@gmail.com', 'Married');
INSERT INTO Person (P_ID, P_DateOfBirth, P_FullName, P_ICNumber, P_Address, P_Gender, P_Nationality, P_PhoneNumber, P_Email, P_MaritalStatus) VALUES ('P002', TO_DATE('1992-09-24', 'YYYY-MM-DD'), 'Amina Bin Abdullah', '920924-01-9392', 'Apt 13, Jalan Merdeka, Shah Alam', 'F', 'Malaysian', '012-5918715', 'user2@gmail.com', 'Married');
INSERT INTO Person (P_ID, P_DateOfBirth, P_FullName, P_ICNumber, P_Address, P_Gender, P_Nationality, P_PhoneNumber, P_Email, P_MaritalStatus) VALUES ('P003', TO_DATE('1962-01-20', 'YYYY-MM-DD'), 'Arif Binti Razak', '620120-10-7370', 'Apt 8, Jalan Merdeka, Shah Alam', 'M', 'Malaysian', '012-7377459', 'user3@gmail.com', 'Married');
INSERT INTO Person (P_ID, P_DateOfBirth, P_FullName, P_ICNumber, P_Address, P_Gender, P_Nationality, P_PhoneNumber, P_Email, P_MaritalStatus) VALUES ('P004', TO_DATE('1967-04-18', 'YYYY-MM-DD'), 'Joyce A/P Raj', '670418-08-7910', 'Apt 9, Jalan Merdeka, Johor Bahru', 'F', 'Malaysian', '012-3871230', 'user4@gmail.com', 'Single');
INSERT INTO Person (P_ID, P_DateOfBirth, P_FullName, P_ICNumber, P_Address, P_Gender, P_Nationality, P_PhoneNumber, P_Email, P_MaritalStatus) VALUES ('P005', TO_DATE('1972-02-09', 'YYYY-MM-DD'), 'Lim Bin Hassan', '720209-10-7656', 'Apt 8, Jalan Merdeka, Kuala Lumpur', 'M', 'Malaysian', '011-6292423', 'user5@gmail.com', 'Married');
INSERT INTO Person (P_ID, P_DateOfBirth, P_FullName, P_ICNumber, P_Address, P_Gender, P_Nationality, P_PhoneNumber, P_Email, P_MaritalStatus) VALUES ('P006', TO_DATE('2000-12-16', 'YYYY-MM-DD'), 'Nurul Kok', '001216-08-6741', 'Apt 13, Jalan Merdeka, Melaka City', 'F', 'Malaysian', '018-3396987', 'user6@gmail.com', 'Married');
INSERT INTO Person (P_ID, P_DateOfBirth, P_FullName, P_ICNumber, P_Address, P_Gender, P_Nationality, P_PhoneNumber, P_Email, P_MaritalStatus) VALUES ('P007', TO_DATE('1993-07-05', 'YYYY-MM-DD'), 'Chong Al/L Subramaniam', '930705-01-9780', 'Apt 12, Jalan Merdeka, Kota Kinabalu', 'M', 'Malaysian', '014-3320821', 'user7@gmail.com', 'Married');
INSERT INTO Person (P_ID, P_DateOfBirth, P_FullName, P_ICNumber, P_Address, P_Gender, P_Nationality, P_PhoneNumber, P_Email, P_MaritalStatus) VALUES ('P008', TO_DATE('1998-08-17', 'YYYY-MM-DD'), 'Kumar Bin Abdullah', '980817-14-6252', 'Apt 14, Jalan Merdeka, Georgetown', 'M', 'Malaysian', '012-7455324', 'user8@gmail.com', 'Married');
INSERT INTO Person (P_ID, P_DateOfBirth, P_FullName, P_ICNumber, P_Address, P_Gender, P_Nationality, P_PhoneNumber, P_Email, P_MaritalStatus) VALUES ('P009', TO_DATE('1984-10-25', 'YYYY-MM-DD'), 'Aminah Al/L Subramaniam', '841025-14-5938', 'Apt 9, Jalan Merdeka, Kuantan', 'F', 'Malaysian', '016-2871534', 'user9@gmail.com', 'Married');
INSERT INTO Person (P_ID, P_DateOfBirth, P_FullName, P_ICNumber, P_Address, P_Gender, P_Nationality, P_PhoneNumber, P_Email, P_MaritalStatus) VALUES ('P010', TO_DATE('1960-02-23', 'YYYY-MM-DD'), 'Aisyah Binti Osman', '600223-08-9100', 'Apt 17, Jalan Merdeka, Georgetown', 'F', 'Malaysian', '012-6007072', 'user10@gmail.com', 'Single');
INSERT INTO Person (P_ID, P_DateOfBirth, P_FullName, P_ICNumber, P_Address, P_Gender, P_Nationality, P_PhoneNumber, P_Email, P_MaritalStatus) VALUES ('P011', TO_DATE('1984-03-12', 'YYYY-MM-DD'), 'Ramesh Wei', '840312-14-9906', 'Apt 16, Jalan Merdeka, Kuching', 'M', 'Malaysian', '011-2876828', 'user11@gmail.com', 'Married');
INSERT INTO Person (P_ID, P_DateOfBirth, P_FullName, P_ICNumber, P_Address, P_Gender, P_Nationality, P_PhoneNumber, P_Email, P_MaritalStatus) VALUES ('P012', TO_DATE('1970-10-21', 'YYYY-MM-DD'), 'Mei Ling Bin Abdullah', '701021-14-5701', 'Apt 3, Jalan Merdeka, Melaka City', 'F', 'Malaysian', '019-3109911', 'user12@gmail.com', 'Single');
INSERT INTO Person (P_ID, P_DateOfBirth, P_FullName, P_ICNumber, P_Address, P_Gender, P_Nationality, P_PhoneNumber, P_Email, P_MaritalStatus) VALUES ('P013', TO_DATE('1971-11-21', 'YYYY-MM-DD'), 'Aminah Wei', '711121-01-6735', 'Apt 7, Jalan Merdeka, Kuantan', 'F', 'Malaysian', '015-7693979', 'user13@gmail.com', 'Married');
INSERT INTO Person (P_ID, P_DateOfBirth, P_FullName, P_ICNumber, P_Address, P_Gender, P_Nationality, P_PhoneNumber, P_Email, P_MaritalStatus) VALUES ('P014', TO_DATE('1965-06-05', 'YYYY-MM-DD'), 'Devi Binti Osman', '650605-10-6840', 'Apt 11, Jalan Merdeka, Shah Alam', 'F', 'Malaysian', '011-4860684', 'user14@gmail.com', 'Single');
INSERT INTO Person (P_ID, P_DateOfBirth, P_FullName, P_ICNumber, P_Address, P_Gender, P_Nationality, P_PhoneNumber, P_Email, P_MaritalStatus) VALUES ('P015', TO_DATE('1970-04-08', 'YYYY-MM-DD'), 'Muhammad Bin Abdullah', '700408-14-5257', 'Apt 3, Jalan Merdeka, Kuching', 'M', 'Malaysian', '019-4993055', 'user15@gmail.com', 'Married');
INSERT INTO Person (P_ID, P_DateOfBirth, P_FullName, P_ICNumber, P_Address, P_Gender, P_Nationality, P_PhoneNumber, P_Email, P_MaritalStatus) VALUES ('P016', TO_DATE('1992-06-12', 'YYYY-MM-DD'), 'Mei Ling Wei', '920612-01-6990', 'Apt 14, Jalan Merdeka, Melaka City', 'F', 'Malaysian', '014-2582524', 'user16@gmail.com', 'Single');
INSERT INTO Person (P_ID, P_DateOfBirth, P_FullName, P_ICNumber, P_Address, P_Gender, P_Nationality, P_PhoneNumber, P_Email, P_MaritalStatus) VALUES ('P017', TO_DATE('1978-06-10', 'YYYY-MM-DD'), 'Kavitha Bin Hassan', '780610-01-5443', 'Apt 2, Jalan Merdeka, Shah Alam', 'F', 'Malaysian', '017-6692553', 'user17@gmail.com', 'Single');
INSERT INTO Person (P_ID, P_DateOfBirth, P_FullName, P_ICNumber, P_Address, P_Gender, P_Nationality, P_PhoneNumber, P_Email, P_MaritalStatus) VALUES ('P018', TO_DATE('1984-01-21', 'YYYY-MM-DD'), 'Chong Kok', '840121-01-6148', 'Apt 6, Jalan Merdeka, Kota Kinabalu', 'M', 'Malaysian', '015-8761611', 'user18@gmail.com', 'Single');
INSERT INTO Person (P_ID, P_DateOfBirth, P_FullName, P_ICNumber, P_Address, P_Gender, P_Nationality, P_PhoneNumber, P_Email, P_MaritalStatus) VALUES ('P019', TO_DATE('1962-04-08', 'YYYY-MM-DD'), 'Lim Binti Razak', '620408-14-5764', 'Apt 6, Jalan Merdeka, Johor Bahru', 'M', 'Malaysian', '017-9147706', 'user19@gmail.com', 'Married');
INSERT INTO Person (P_ID, P_DateOfBirth, P_FullName, P_ICNumber, P_Address, P_Gender, P_Nationality, P_PhoneNumber, P_Email, P_MaritalStatus) VALUES ('P020', TO_DATE('2000-06-24', 'YYYY-MM-DD'), 'Lee Bin Hassan', '000624-14-6348', 'Apt 1, Jalan Merdeka, Kota Kinabalu', 'M', 'Malaysian', '017-5449368', 'user20@gmail.com', 'Married');
INSERT INTO Person (P_ID, P_DateOfBirth, P_FullName, P_ICNumber, P_Address, P_Gender, P_Nationality, P_PhoneNumber, P_Email, P_MaritalStatus) VALUES ('P021', TO_DATE('1966-12-11', 'YYYY-MM-DD'), 'Sarah Binti Osman', '661211-10-7430', 'Apt 2, Jalan Merdeka, Johor Bahru', 'F', 'Malaysian', '019-2022698', 'user21@gmail.com', 'Married');
INSERT INTO Person (P_ID, P_DateOfBirth, P_FullName, P_ICNumber, P_Address, P_Gender, P_Nationality, P_PhoneNumber, P_Email, P_MaritalStatus) VALUES ('P022', TO_DATE('1982-07-22', 'YYYY-MM-DD'), 'Ahmad Binti Osman', '820722-10-5465', 'Apt 3, Jalan Merdeka, Kuantan', 'M', 'Malaysian', '013-2149597', 'user22@gmail.com', 'Single');
INSERT INTO Person (P_ID, P_DateOfBirth, P_FullName, P_ICNumber, P_Address, P_Gender, P_Nationality, P_PhoneNumber, P_Email, P_MaritalStatus) VALUES ('P023', TO_DATE('1999-12-08', 'YYYY-MM-DD'), 'Wong Binti Razak', '991208-10-9742', 'Apt 2, Jalan Merdeka, Seremban', 'M', 'Malaysian', '012-8033426', 'user23@gmail.com', 'Married');
INSERT INTO Person (P_ID, P_DateOfBirth, P_FullName, P_ICNumber, P_Address, P_Gender, P_Nationality, P_PhoneNumber, P_Email, P_MaritalStatus) VALUES ('P024', TO_DATE('1970-09-15', 'YYYY-MM-DD'), 'Mei Ling A/P Raj', '700915-08-8242', 'Apt 10, Jalan Merdeka, Georgetown', 'F', 'Malaysian', '018-6304573', 'user24@gmail.com', 'Single');
INSERT INTO Person (P_ID, P_DateOfBirth, P_FullName, P_ICNumber, P_Address, P_Gender, P_Nationality, P_PhoneNumber, P_Email, P_MaritalStatus) VALUES ('P025', TO_DATE('1963-04-15', 'YYYY-MM-DD'), 'Lim Binti Razak', '630415-10-9144', 'Apt 5, Jalan Merdeka, Ipoh', 'M', 'Malaysian', '016-2154126', 'user25@gmail.com', 'Single');
INSERT INTO Person (P_ID, P_DateOfBirth, P_FullName, P_ICNumber, P_Address, P_Gender, P_Nationality, P_PhoneNumber, P_Email, P_MaritalStatus) VALUES ('P026', TO_DATE('1979-08-28', 'YYYY-MM-DD'), 'Priya Wei', '790828-08-9333', 'Apt 18, Jalan Merdeka, Kuala Lumpur', 'F', 'Malaysian', '015-2737893', 'user26@gmail.com', 'Single');
INSERT INTO Person (P_ID, P_DateOfBirth, P_FullName, P_ICNumber, P_Address, P_Gender, P_Nationality, P_PhoneNumber, P_Email, P_MaritalStatus) VALUES ('P027', TO_DATE('1993-04-20', 'YYYY-MM-DD'), 'Nurul Binti Razak', '930420-10-7231', 'Apt 20, Jalan Merdeka, Ipoh', 'F', 'Malaysian', '014-6752576', 'user27@gmail.com', 'Single');
INSERT INTO Person (P_ID, P_DateOfBirth, P_FullName, P_ICNumber, P_Address, P_Gender, P_Nationality, P_PhoneNumber, P_Email, P_MaritalStatus) VALUES ('P028', TO_DATE('1971-04-07', 'YYYY-MM-DD'), 'Aminah Binti Osman', '710407-14-5756', 'Apt 9, Jalan Merdeka, Kota Kinabalu', 'F', 'Malaysian', '011-1059486', 'user28@gmail.com', 'Married');
INSERT INTO Person (P_ID, P_DateOfBirth, P_FullName, P_ICNumber, P_Address, P_Gender, P_Nationality, P_PhoneNumber, P_Email, P_MaritalStatus) VALUES ('P029', TO_DATE('1967-04-01', 'YYYY-MM-DD'), 'Zaqwan Al/L Subramaniam', '670401-01-9519', 'Apt 18, Jalan Merdeka, Kota Kinabalu', 'M', 'Malaysian', '011-2876932', 'user29@gmail.com', 'Single');
INSERT INTO Person (P_ID, P_DateOfBirth, P_FullName, P_ICNumber, P_Address, P_Gender, P_Nationality, P_PhoneNumber, P_Email, P_MaritalStatus) VALUES ('P030', TO_DATE('1997-06-09', 'YYYY-MM-DD'), 'Syed Bin Abdullah', '970609-08-9771', 'Apt 5, Jalan Merdeka, Kuantan', 'M', 'Malaysian', '017-3138181', 'user30@gmail.com', 'Single');

-- Populating Branch
INSERT INTO Branch (B_ID, B_BranchCode, B_Name, B_Address, B_City, B_State, B_Postcode, B_PhoneNumber, B_Email, B_OperatingHours) VALUES ('B001', 'BRC101', 'ASNB Kuala Lumpur Branch', '82, Jalan Peringgit', 'Kuala Lumpur', 'WP KL', 24000, '03-1419610', 'asnb_kualalumpur@asnb.com.my', '08:15-16:00');
INSERT INTO Branch (B_ID, B_BranchCode, B_Name, B_Address, B_City, B_State, B_Postcode, B_PhoneNumber, B_Email, B_OperatingHours) VALUES ('B002', 'BRC102', 'ASNB Shah Alam Branch', '95, Jalan Peringgit', 'Shah Alam', 'Selangor', 45000, '03-5108603', 'asnb_shahalam@asnb.com.my', '08:15-16:00');
INSERT INTO Branch (B_ID, B_BranchCode, B_Name, B_Address, B_City, B_State, B_Postcode, B_PhoneNumber, B_Email, B_OperatingHours) VALUES ('B003', 'BRC103', 'ASNB Georgetown Branch', '29, Jalan Peringgit', 'Georgetown', 'Penang', 27000, '03-2719583', 'asnb_georgetown@asnb.com.my', '08:15-16:00');
INSERT INTO Branch (B_ID, B_BranchCode, B_Name, B_Address, B_City, B_State, B_Postcode, B_PhoneNumber, B_Email, B_OperatingHours) VALUES ('B004', 'BRC104', 'ASNB Johor Bahru Branch', '87, Jalan Peringgit', 'Johor Bahru', 'Johor', 79000, '03-2458591', 'asnb_johorbahru@asnb.com.my', '08:15-16:00');
INSERT INTO Branch (B_ID, B_BranchCode, B_Name, B_Address, B_City, B_State, B_Postcode, B_PhoneNumber, B_Email, B_OperatingHours) VALUES ('B005', 'BRC105', 'ASNB Ipoh Branch', '76, Jalan Peringgit', 'Ipoh', 'Perak', 64000, '03-1533224', 'asnb_ipoh@asnb.com.my', '08:15-16:00');
INSERT INTO Branch (B_ID, B_BranchCode, B_Name, B_Address, B_City, B_State, B_Postcode, B_PhoneNumber, B_Email, B_OperatingHours) VALUES ('B006', 'BRC106', 'ASNB Kuching Branch', '4, Jalan Peringgit', 'Kuching', 'Sarawak', 21000, '03-4668136', 'asnb_kuching@asnb.com.my', '08:15-16:00');
INSERT INTO Branch (B_ID, B_BranchCode, B_Name, B_Address, B_City, B_State, B_Postcode, B_PhoneNumber, B_Email, B_OperatingHours) VALUES ('B007', 'BRC107', 'ASNB Kota Kinabalu Branch', '30, Jalan Peringgit', 'Kota Kinabalu', 'Sabah', 74000, '03-1445199', 'asnb_kotakinabalu@asnb.com.my', '08:15-16:00');
INSERT INTO Branch (B_ID, B_BranchCode, B_Name, B_Address, B_City, B_State, B_Postcode, B_PhoneNumber, B_Email, B_OperatingHours) VALUES ('B008', 'BRC108', 'ASNB Melaka City Branch', '72, Jalan Peringgit', 'Melaka City', 'Melaka', 35000, '03-8038374', 'asnb_melakacity@asnb.com.my', '08:15-16:00');
INSERT INTO Branch (B_ID, B_BranchCode, B_Name, B_Address, B_City, B_State, B_Postcode, B_PhoneNumber, B_Email, B_OperatingHours) VALUES ('B009', 'BRC109', 'ASNB Kuantan Branch', '29, Jalan Peringgit', 'Kuantan', 'Pahang', 67000, '03-5667265', 'asnb_kuantan@asnb.com.my', '08:15-16:00');
INSERT INTO Branch (B_ID, B_BranchCode, B_Name, B_Address, B_City, B_State, B_Postcode, B_PhoneNumber, B_Email, B_OperatingHours) VALUES ('B010', 'BRC110', 'ASNB Seremban Branch', '1, Jalan Peringgit', 'Seremban', 'Negeri Sembilan', 30000, '03-8090293', 'asnb_seremban@asnb.com.my', '08:15-16:00');

-- Populating Fund
INSERT INTO Fund (F_ID, F_Code, F_Name, F_Type, F_RiskLevel, F_LaunchDate, F_Size, F_Objective, F_DividendFrequency, F_ManagementFee) VALUES ('F001', 'FND01', 'Amanah Saham Bumiputera (ASB)', 'Fixed Price', 'Low', TO_DATE('2017-03-19', 'YYYY-MM-DD'), 770000000.00, 'Growth', 'Annually', 1.50);
INSERT INTO Fund (F_ID, F_Code, F_Name, F_Type, F_RiskLevel, F_LaunchDate, F_Size, F_Objective, F_DividendFrequency, F_ManagementFee) VALUES ('F002', 'FND02', 'ASB 2', 'Fixed Price', 'Low', TO_DATE('2004-06-15', 'YYYY-MM-DD'), 576000000.00, 'Growth', 'Annually', 1.50);
INSERT INTO Fund (F_ID, F_Code, F_Name, F_Type, F_RiskLevel, F_LaunchDate, F_Size, F_Objective, F_DividendFrequency, F_ManagementFee) VALUES ('F003', 'FND03', 'Amanah Saham Malaysia (ASM)', 'Fixed Price', 'Low', TO_DATE('2009-10-26', 'YYYY-MM-DD'), 552000000.00, 'Growth', 'Annually', 1.50);
INSERT INTO Fund (F_ID, F_Code, F_Name, F_Type, F_RiskLevel, F_LaunchDate, F_Size, F_Objective, F_DividendFrequency, F_ManagementFee) VALUES ('F004', 'FND04', 'ASM 2 Wawasan', 'Fixed Price', 'Low', TO_DATE('1999-08-03', 'YYYY-MM-DD'), 623000000.00, 'Growth', 'Annually', 1.50);
INSERT INTO Fund (F_ID, F_Code, F_Name, F_Type, F_RiskLevel, F_LaunchDate, F_Size, F_Objective, F_DividendFrequency, F_ManagementFee) VALUES ('F005', 'FND05', 'ASM 3', 'Fixed Price', 'Low', TO_DATE('2011-03-24', 'YYYY-MM-DD'), 853000000.00, 'Growth', 'Annually', 1.50);
INSERT INTO Fund (F_ID, F_Code, F_Name, F_Type, F_RiskLevel, F_LaunchDate, F_Size, F_Objective, F_DividendFrequency, F_ManagementFee) VALUES ('F006', 'FND06', 'Amanah Saham Nasional (ASN)', 'Variable Price', 'High', TO_DATE('1997-08-12', 'YYYY-MM-DD'), 774000000.00, 'Growth', 'Annually', 1.50);
INSERT INTO Fund (F_ID, F_Code, F_Name, F_Type, F_RiskLevel, F_LaunchDate, F_Size, F_Objective, F_DividendFrequency, F_ManagementFee) VALUES ('F007', 'FND07', 'ASN Equity 2', 'Variable Price', 'High', TO_DATE('1993-10-21', 'YYYY-MM-DD'), 390000000.00, 'Growth', 'Annually', 1.50);
INSERT INTO Fund (F_ID, F_Code, F_Name, F_Type, F_RiskLevel, F_LaunchDate, F_Size, F_Objective, F_DividendFrequency, F_ManagementFee) VALUES ('F008', 'FND08', 'ASN Equity 3', 'Variable Price', 'High', TO_DATE('2013-02-14', 'YYYY-MM-DD'), 779000000.00, 'Growth', 'Annually', 1.50);
INSERT INTO Fund (F_ID, F_Code, F_Name, F_Type, F_RiskLevel, F_LaunchDate, F_Size, F_Objective, F_DividendFrequency, F_ManagementFee) VALUES ('F009', 'FND09', 'ASN Imbang 1', 'Variable Price', 'Moderate', TO_DATE('2018-05-24', 'YYYY-MM-DD'), 734000000.00, 'Growth', 'Annually', 1.50);
INSERT INTO Fund (F_ID, F_Code, F_Name, F_Type, F_RiskLevel, F_LaunchDate, F_Size, F_Objective, F_DividendFrequency, F_ManagementFee) VALUES ('F010', 'FND10', 'ASN Sara 1', 'Variable Price', 'Conservative', TO_DATE('2005-01-13', 'YYYY-MM-DD'), 195000000.00, 'Growth', 'Annually', 1.50);

-- Populating Asset
INSERT INTO Asset (AS_ID, AS_Code, AS_Name, AS_Category, AS_Type, AS_MarketValue, AS_PurchaseValue, AS_AcquisitionDate, AS_MaturityDate, AS_RiskRating) VALUES ('AS001', 'AST9042', 'Corp Bond', 'Fixed Income', 'Bond', 500000.0000, 450000.0000, TO_DATE('2016-02-25', 'YYYY-MM-DD'), TO_DATE('2025-02-20', 'YYYY-MM-DD'), 'Low');
INSERT INTO Asset (AS_ID, AS_Code, AS_Name, AS_Category, AS_Type, AS_MarketValue, AS_PurchaseValue, AS_AcquisitionDate, AS_MaturityDate, AS_RiskRating) VALUES ('AS002', 'AST5658', 'Corp Bond', 'Fixed Income', 'Bond', 500000.0000, 450000.0000, TO_DATE('2020-04-06', 'YYYY-MM-DD'), TO_DATE('2030-05-15', 'YYYY-MM-DD'), 'Low');
INSERT INTO Asset (AS_ID, AS_Code, AS_Name, AS_Category, AS_Type, AS_MarketValue, AS_PurchaseValue, AS_AcquisitionDate, AS_MaturityDate, AS_RiskRating) VALUES ('AS003', 'AST8216', 'Corp Bond', 'Fixed Income', 'Bond', 500000.0000, 450000.0000, TO_DATE('2018-10-27', 'YYYY-MM-DD'), TO_DATE('2027-01-26', 'YYYY-MM-DD'), 'Low');
INSERT INTO Asset (AS_ID, AS_Code, AS_Name, AS_Category, AS_Type, AS_MarketValue, AS_PurchaseValue, AS_AcquisitionDate, AS_MaturityDate, AS_RiskRating) VALUES ('AS004', 'AST1841', 'Corp Bond', 'Fixed Income', 'Bond', 500000.0000, 450000.0000, TO_DATE('2017-10-31', 'YYYY-MM-DD'), TO_DATE('2030-05-11', 'YYYY-MM-DD'), 'Low');
INSERT INTO Asset (AS_ID, AS_Code, AS_Name, AS_Category, AS_Type, AS_MarketValue, AS_PurchaseValue, AS_AcquisitionDate, AS_MaturityDate, AS_RiskRating) VALUES ('AS005', 'AST2869', 'Corp Bond', 'Fixed Income', 'Bond', 500000.0000, 450000.0000, TO_DATE('2015-09-25', 'YYYY-MM-DD'), TO_DATE('2029-06-30', 'YYYY-MM-DD'), 'Low');
INSERT INTO Asset (AS_ID, AS_Code, AS_Name, AS_Category, AS_Type, AS_MarketValue, AS_PurchaseValue, AS_AcquisitionDate, AS_MaturityDate, AS_RiskRating) VALUES ('AS006', 'AST9056', 'Corp Bond', 'Fixed Income', 'Bond', 500000.0000, 450000.0000, TO_DATE('2015-10-31', 'YYYY-MM-DD'), TO_DATE('2025-08-08', 'YYYY-MM-DD'), 'Low');
INSERT INTO Asset (AS_ID, AS_Code, AS_Name, AS_Category, AS_Type, AS_MarketValue, AS_PurchaseValue, AS_AcquisitionDate, AS_MaturityDate, AS_RiskRating) VALUES ('AS007', 'AST3485', 'Corp Bond', 'Fixed Income', 'Bond', 500000.0000, 450000.0000, TO_DATE('2016-09-03', 'YYYY-MM-DD'), TO_DATE('2028-05-29', 'YYYY-MM-DD'), 'Low');
INSERT INTO Asset (AS_ID, AS_Code, AS_Name, AS_Category, AS_Type, AS_MarketValue, AS_PurchaseValue, AS_AcquisitionDate, AS_MaturityDate, AS_RiskRating) VALUES ('AS008', 'AST2395', 'Corp Bond', 'Fixed Income', 'Bond', 500000.0000, 450000.0000, TO_DATE('2017-10-13', 'YYYY-MM-DD'), TO_DATE('2026-05-01', 'YYYY-MM-DD'), 'Low');
INSERT INTO Asset (AS_ID, AS_Code, AS_Name, AS_Category, AS_Type, AS_MarketValue, AS_PurchaseValue, AS_AcquisitionDate, AS_MaturityDate, AS_RiskRating) VALUES ('AS009', 'AST7818', 'Corp Bond', 'Fixed Income', 'Bond', 500000.0000, 450000.0000, TO_DATE('2017-07-13', 'YYYY-MM-DD'), TO_DATE('2030-11-11', 'YYYY-MM-DD'), 'Low');
INSERT INTO Asset (AS_ID, AS_Code, AS_Name, AS_Category, AS_Type, AS_MarketValue, AS_PurchaseValue, AS_AcquisitionDate, AS_MaturityDate, AS_RiskRating) VALUES ('AS010', 'AST7232', 'Corp Bond', 'Fixed Income', 'Bond', 500000.0000, 450000.0000, TO_DATE('2020-01-20', 'YYYY-MM-DD'), TO_DATE('2029-12-19', 'YYYY-MM-DD'), 'Low');

-- Populating JobAdvertisement
INSERT INTO JobAdvertisement (JAD_ID, JAD_PostingDate, JAD_JobTitle, JAD_Department, JAD_EmploymentType, JAD_SalaryType, JAD_Location, JAD_QualificationRequired, JAD_ExperienceRequired, JAD_ClosingDate) VALUES ('JAD001', TO_DATE('2023-01-15', 'YYYY-MM-DD'), 'IT Analyst', 'IT', 'Permanent', 'Monthly', 'KL', 'Degree', '2+ Years', TO_DATE('2024-09-10', 'YYYY-MM-DD'));
INSERT INTO JobAdvertisement (JAD_ID, JAD_PostingDate, JAD_JobTitle, JAD_Department, JAD_EmploymentType, JAD_SalaryType, JAD_Location, JAD_QualificationRequired, JAD_ExperienceRequired, JAD_ClosingDate) VALUES ('JAD002', TO_DATE('2023-06-16', 'YYYY-MM-DD'), 'IT Analyst', 'IT', 'Permanent', 'Monthly', 'KL', 'Degree', '2+ Years', TO_DATE('2024-04-03', 'YYYY-MM-DD'));
INSERT INTO JobAdvertisement (JAD_ID, JAD_PostingDate, JAD_JobTitle, JAD_Department, JAD_EmploymentType, JAD_SalaryType, JAD_Location, JAD_QualificationRequired, JAD_ExperienceRequired, JAD_ClosingDate) VALUES ('JAD003', TO_DATE('2023-09-07', 'YYYY-MM-DD'), 'IT Analyst', 'IT', 'Permanent', 'Monthly', 'KL', 'Degree', '2+ Years', TO_DATE('2024-04-18', 'YYYY-MM-DD'));
INSERT INTO JobAdvertisement (JAD_ID, JAD_PostingDate, JAD_JobTitle, JAD_Department, JAD_EmploymentType, JAD_SalaryType, JAD_Location, JAD_QualificationRequired, JAD_ExperienceRequired, JAD_ClosingDate) VALUES ('JAD004', TO_DATE('2023-07-01', 'YYYY-MM-DD'), 'IT Analyst', 'IT', 'Permanent', 'Monthly', 'KL', 'Degree', '2+ Years', TO_DATE('2024-05-12', 'YYYY-MM-DD'));
INSERT INTO JobAdvertisement (JAD_ID, JAD_PostingDate, JAD_JobTitle, JAD_Department, JAD_EmploymentType, JAD_SalaryType, JAD_Location, JAD_QualificationRequired, JAD_ExperienceRequired, JAD_ClosingDate) VALUES ('JAD005', TO_DATE('2023-06-24', 'YYYY-MM-DD'), 'IT Analyst', 'IT', 'Permanent', 'Monthly', 'KL', 'Degree', '2+ Years', TO_DATE('2024-05-23', 'YYYY-MM-DD'));
INSERT INTO JobAdvertisement (JAD_ID, JAD_PostingDate, JAD_JobTitle, JAD_Department, JAD_EmploymentType, JAD_SalaryType, JAD_Location, JAD_QualificationRequired, JAD_ExperienceRequired, JAD_ClosingDate) VALUES ('JAD006', TO_DATE('2023-11-02', 'YYYY-MM-DD'), 'IT Analyst', 'IT', 'Permanent', 'Monthly', 'KL', 'Degree', '2+ Years', TO_DATE('2024-12-25', 'YYYY-MM-DD'));
INSERT INTO JobAdvertisement (JAD_ID, JAD_PostingDate, JAD_JobTitle, JAD_Department, JAD_EmploymentType, JAD_SalaryType, JAD_Location, JAD_QualificationRequired, JAD_ExperienceRequired, JAD_ClosingDate) VALUES ('JAD007', TO_DATE('2023-05-22', 'YYYY-MM-DD'), 'IT Analyst', 'IT', 'Permanent', 'Monthly', 'KL', 'Degree', '2+ Years', TO_DATE('2024-10-11', 'YYYY-MM-DD'));
INSERT INTO JobAdvertisement (JAD_ID, JAD_PostingDate, JAD_JobTitle, JAD_Department, JAD_EmploymentType, JAD_SalaryType, JAD_Location, JAD_QualificationRequired, JAD_ExperienceRequired, JAD_ClosingDate) VALUES ('JAD008', TO_DATE('2023-01-06', 'YYYY-MM-DD'), 'IT Analyst', 'IT', 'Permanent', 'Monthly', 'KL', 'Degree', '2+ Years', TO_DATE('2024-09-21', 'YYYY-MM-DD'));
INSERT INTO JobAdvertisement (JAD_ID, JAD_PostingDate, JAD_JobTitle, JAD_Department, JAD_EmploymentType, JAD_SalaryType, JAD_Location, JAD_QualificationRequired, JAD_ExperienceRequired, JAD_ClosingDate) VALUES ('JAD009', TO_DATE('2023-04-08', 'YYYY-MM-DD'), 'IT Analyst', 'IT', 'Permanent', 'Monthly', 'KL', 'Degree', '2+ Years', TO_DATE('2024-02-13', 'YYYY-MM-DD'));
INSERT INTO JobAdvertisement (JAD_ID, JAD_PostingDate, JAD_JobTitle, JAD_Department, JAD_EmploymentType, JAD_SalaryType, JAD_Location, JAD_QualificationRequired, JAD_ExperienceRequired, JAD_ClosingDate) VALUES ('JAD010', TO_DATE('2023-05-04', 'YYYY-MM-DD'), 'IT Analyst', 'IT', 'Permanent', 'Monthly', 'KL', 'Degree', '2+ Years', TO_DATE('2024-07-27', 'YYYY-MM-DD'));

-- Populating JobDescription
INSERT INTO JobDescription (JD_ID, JD_CreationDate, JD_PositionTitle, JD_Department, JD_JobLevel, JD_EmploymentType, JD_Responsibilities, JD_Qualifications, JD_SkillsRequired, JD_WorkingHours) VALUES ('JD001', TO_DATE('2023-09-08', 'YYYY-MM-DD'), 'IT Analyst', 'IT', 'Executive', 'Permanent', 'Code', 'Degree', 'Python', '9-6');
INSERT INTO JobDescription (JD_ID, JD_CreationDate, JD_PositionTitle, JD_Department, JD_JobLevel, JD_EmploymentType, JD_Responsibilities, JD_Qualifications, JD_SkillsRequired, JD_WorkingHours) VALUES ('JD002', TO_DATE('2023-10-12', 'YYYY-MM-DD'), 'IT Analyst', 'IT', 'Executive', 'Permanent', 'Code', 'Degree', 'Python', '9-6');
INSERT INTO JobDescription (JD_ID, JD_CreationDate, JD_PositionTitle, JD_Department, JD_JobLevel, JD_EmploymentType, JD_Responsibilities, JD_Qualifications, JD_SkillsRequired, JD_WorkingHours) VALUES ('JD003', TO_DATE('2023-05-04', 'YYYY-MM-DD'), 'IT Analyst', 'IT', 'Executive', 'Permanent', 'Code', 'Degree', 'Python', '9-6');
INSERT INTO JobDescription (JD_ID, JD_CreationDate, JD_PositionTitle, JD_Department, JD_JobLevel, JD_EmploymentType, JD_Responsibilities, JD_Qualifications, JD_SkillsRequired, JD_WorkingHours) VALUES ('JD004', TO_DATE('2023-12-20', 'YYYY-MM-DD'), 'IT Analyst', 'IT', 'Executive', 'Permanent', 'Code', 'Degree', 'Python', '9-6');
INSERT INTO JobDescription (JD_ID, JD_CreationDate, JD_PositionTitle, JD_Department, JD_JobLevel, JD_EmploymentType, JD_Responsibilities, JD_Qualifications, JD_SkillsRequired, JD_WorkingHours) VALUES ('JD005', TO_DATE('2023-09-01', 'YYYY-MM-DD'), 'IT Analyst', 'IT', 'Executive', 'Permanent', 'Code', 'Degree', 'Python', '9-6');
INSERT INTO JobDescription (JD_ID, JD_CreationDate, JD_PositionTitle, JD_Department, JD_JobLevel, JD_EmploymentType, JD_Responsibilities, JD_Qualifications, JD_SkillsRequired, JD_WorkingHours) VALUES ('JD006', TO_DATE('2023-11-27', 'YYYY-MM-DD'), 'IT Analyst', 'IT', 'Executive', 'Permanent', 'Code', 'Degree', 'Python', '9-6');
INSERT INTO JobDescription (JD_ID, JD_CreationDate, JD_PositionTitle, JD_Department, JD_JobLevel, JD_EmploymentType, JD_Responsibilities, JD_Qualifications, JD_SkillsRequired, JD_WorkingHours) VALUES ('JD007', TO_DATE('2023-12-31', 'YYYY-MM-DD'), 'IT Analyst', 'IT', 'Executive', 'Permanent', 'Code', 'Degree', 'Python', '9-6');
INSERT INTO JobDescription (JD_ID, JD_CreationDate, JD_PositionTitle, JD_Department, JD_JobLevel, JD_EmploymentType, JD_Responsibilities, JD_Qualifications, JD_SkillsRequired, JD_WorkingHours) VALUES ('JD008', TO_DATE('2023-09-09', 'YYYY-MM-DD'), 'IT Analyst', 'IT', 'Executive', 'Permanent', 'Code', 'Degree', 'Python', '9-6');
INSERT INTO JobDescription (JD_ID, JD_CreationDate, JD_PositionTitle, JD_Department, JD_JobLevel, JD_EmploymentType, JD_Responsibilities, JD_Qualifications, JD_SkillsRequired, JD_WorkingHours) VALUES ('JD009', TO_DATE('2023-08-18', 'YYYY-MM-DD'), 'IT Analyst', 'IT', 'Executive', 'Permanent', 'Code', 'Degree', 'Python', '9-6');
INSERT INTO JobDescription (JD_ID, JD_CreationDate, JD_PositionTitle, JD_Department, JD_JobLevel, JD_EmploymentType, JD_Responsibilities, JD_Qualifications, JD_SkillsRequired, JD_WorkingHours) VALUES ('JD010', TO_DATE('2023-01-09', 'YYYY-MM-DD'), 'IT Analyst', 'IT', 'Executive', 'Permanent', 'Code', 'Degree', 'Python', '9-6');

-- Populating Employee
INSERT INTO Employee (E_ID, E_HireDate, E_Number, E_Department, E_Position, E_Type, E_SalaryGrade, E_WorkEmail, E_WorkPhone, E_ShiftSchedule, P_ID, P_DateOfBirth, B_ID, B_BranchCode) VALUES ('E001', TO_DATE('2016-11-30', 'YYYY-MM-DD'), 'EMP57795', 'Operations', 'Executive', 'Permanent', 'G3', 'staff1@asnb.com.my', '03-88884441', 'Normal', 'P001', TO_DATE('1969-08-28', 'YYYY-MM-DD'), 'B001', 'BRC101');
INSERT INTO Employee (E_ID, E_HireDate, E_Number, E_Department, E_Position, E_Type, E_SalaryGrade, E_WorkEmail, E_WorkPhone, E_ShiftSchedule, P_ID, P_DateOfBirth, B_ID, B_BranchCode) VALUES ('E002', TO_DATE('2015-08-07', 'YYYY-MM-DD'), 'EMP97416', 'Operations', 'Executive', 'Permanent', 'G3', 'staff2@asnb.com.my', '03-88887658', 'Normal', 'P002', TO_DATE('1992-09-24', 'YYYY-MM-DD'), 'B002', 'BRC102');
INSERT INTO Employee (E_ID, E_HireDate, E_Number, E_Department, E_Position, E_Type, E_SalaryGrade, E_WorkEmail, E_WorkPhone, E_ShiftSchedule, P_ID, P_DateOfBirth, B_ID, B_BranchCode) VALUES ('E003', TO_DATE('2013-06-20', 'YYYY-MM-DD'), 'EMP41029', 'Operations', 'Executive', 'Permanent', 'G2', 'staff3@asnb.com.my', '03-88887755', 'Normal', 'P003', TO_DATE('1962-01-20', 'YYYY-MM-DD'), 'B003', 'BRC103');
INSERT INTO Employee (E_ID, E_HireDate, E_Number, E_Department, E_Position, E_Type, E_SalaryGrade, E_WorkEmail, E_WorkPhone, E_ShiftSchedule, P_ID, P_DateOfBirth, B_ID, B_BranchCode) VALUES ('E004', TO_DATE('2010-07-23', 'YYYY-MM-DD'), 'EMP33509', 'IT', 'Executive', 'Permanent', 'G3', 'staff4@asnb.com.my', '03-88887745', 'Normal', 'P004', TO_DATE('1967-04-18', 'YYYY-MM-DD'), 'B004', 'BRC104');
INSERT INTO Employee (E_ID, E_HireDate, E_Number, E_Department, E_Position, E_Type, E_SalaryGrade, E_WorkEmail, E_WorkPhone, E_ShiftSchedule, P_ID, P_DateOfBirth, B_ID, B_BranchCode) VALUES ('E005', TO_DATE('2015-07-26', 'YYYY-MM-DD'), 'EMP44970', 'Operations', 'Executive', 'Permanent', 'G6', 'staff5@asnb.com.my', '03-88882771', 'Normal', 'P005', TO_DATE('1972-02-09', 'YYYY-MM-DD'), 'B005', 'BRC105');
INSERT INTO Employee (E_ID, E_HireDate, E_Number, E_Department, E_Position, E_Type, E_SalaryGrade, E_WorkEmail, E_WorkPhone, E_ShiftSchedule, P_ID, P_DateOfBirth, B_ID, B_BranchCode) VALUES ('E006', TO_DATE('2018-07-31', 'YYYY-MM-DD'), 'EMP15075', 'Finance', 'Executive', 'Permanent', 'G2', 'staff6@asnb.com.my', '03-88884269', 'Normal', 'P006', TO_DATE('2000-12-16', 'YYYY-MM-DD'), 'B006', 'BRC106');
INSERT INTO Employee (E_ID, E_HireDate, E_Number, E_Department, E_Position, E_Type, E_SalaryGrade, E_WorkEmail, E_WorkPhone, E_ShiftSchedule, P_ID, P_DateOfBirth, B_ID, B_BranchCode) VALUES ('E007', TO_DATE('2020-04-28', 'YYYY-MM-DD'), 'EMP55830', 'Finance', 'Executive', 'Permanent', 'G2', 'staff7@asnb.com.my', '03-88884652', 'Normal', 'P007', TO_DATE('1993-07-05', 'YYYY-MM-DD'), 'B007', 'BRC107');
INSERT INTO Employee (E_ID, E_HireDate, E_Number, E_Department, E_Position, E_Type, E_SalaryGrade, E_WorkEmail, E_WorkPhone, E_ShiftSchedule, P_ID, P_DateOfBirth, B_ID, B_BranchCode) VALUES ('E008', TO_DATE('2010-07-13', 'YYYY-MM-DD'), 'EMP96511', 'Operations', 'Executive', 'Permanent', 'G4', 'staff8@asnb.com.my', '03-88886378', 'Normal', 'P008', TO_DATE('1998-08-17', 'YYYY-MM-DD'), 'B008', 'BRC108');
INSERT INTO Employee (E_ID, E_HireDate, E_Number, E_Department, E_Position, E_Type, E_SalaryGrade, E_WorkEmail, E_WorkPhone, E_ShiftSchedule, P_ID, P_DateOfBirth, B_ID, B_BranchCode) VALUES ('E009', TO_DATE('2016-04-01', 'YYYY-MM-DD'), 'EMP19099', 'Finance', 'Executive', 'Permanent', 'G3', 'staff9@asnb.com.my', '03-88889346', 'Normal', 'P009', TO_DATE('1984-10-25', 'YYYY-MM-DD'), 'B009', 'BRC109');
INSERT INTO Employee (E_ID, E_HireDate, E_Number, E_Department, E_Position, E_Type, E_SalaryGrade, E_WorkEmail, E_WorkPhone, E_ShiftSchedule, P_ID, P_DateOfBirth, B_ID, B_BranchCode) VALUES ('E010', TO_DATE('2018-12-19', 'YYYY-MM-DD'), 'EMP99065', 'IT', 'Executive', 'Permanent', 'G3', 'staff10@asnb.com.my', '03-88881452', 'Normal', 'P010', TO_DATE('1960-02-23', 'YYYY-MM-DD'), 'B010', 'BRC110');

-- Populating Applicant
INSERT INTO Applicant (A_ID, A_ApplicationDate, A_HighestEducation, A_YearsExperience, A_CurrentEmployer, A_ExpectedSalary, A_ResumeFile, A_PortfolioLink, A_ApplicationStatus, A_AvailabilityDate, P_ID, P_DateOfBirth) VALUES ('A001', TO_DATE('2023-01-23', 'YYYY-MM-DD'), 'Degree', 7, 'Company ABC', 3013, 'cv_20.pdf', 'link.com/port', 'Reviewing', TO_DATE('2024-09-23', 'YYYY-MM-DD'), 'P021', TO_DATE('1966-12-11', 'YYYY-MM-DD'));
INSERT INTO Applicant (A_ID, A_ApplicationDate, A_HighestEducation, A_YearsExperience, A_CurrentEmployer, A_ExpectedSalary, A_ResumeFile, A_PortfolioLink, A_ApplicationStatus, A_AvailabilityDate, P_ID, P_DateOfBirth) VALUES ('A002', TO_DATE('2023-10-03', 'YYYY-MM-DD'), 'Degree', 4, 'Company ABC', 5983, 'cv_21.pdf', 'link.com/port', 'Reviewing', TO_DATE('2024-08-08', 'YYYY-MM-DD'), 'P022', TO_DATE('1982-07-22', 'YYYY-MM-DD'));
INSERT INTO Applicant (A_ID, A_ApplicationDate, A_HighestEducation, A_YearsExperience, A_CurrentEmployer, A_ExpectedSalary, A_ResumeFile, A_PortfolioLink, A_ApplicationStatus, A_AvailabilityDate, P_ID, P_DateOfBirth) VALUES ('A003', TO_DATE('2023-02-05', 'YYYY-MM-DD'), 'Degree', 6, 'Company ABC', 5571, 'cv_22.pdf', 'link.com/port', 'Reviewing', TO_DATE('2024-12-05', 'YYYY-MM-DD'), 'P023', TO_DATE('1999-12-08', 'YYYY-MM-DD'));
INSERT INTO Applicant (A_ID, A_ApplicationDate, A_HighestEducation, A_YearsExperience, A_CurrentEmployer, A_ExpectedSalary, A_ResumeFile, A_PortfolioLink, A_ApplicationStatus, A_AvailabilityDate, P_ID, P_DateOfBirth) VALUES ('A004', TO_DATE('2023-03-05', 'YYYY-MM-DD'), 'Degree', 5, 'Company ABC', 7154, 'cv_23.pdf', 'link.com/port', 'Reviewing', TO_DATE('2024-06-07', 'YYYY-MM-DD'), 'P024', TO_DATE('1970-09-15', 'YYYY-MM-DD'));
INSERT INTO Applicant (A_ID, A_ApplicationDate, A_HighestEducation, A_YearsExperience, A_CurrentEmployer, A_ExpectedSalary, A_ResumeFile, A_PortfolioLink, A_ApplicationStatus, A_AvailabilityDate, P_ID, P_DateOfBirth) VALUES ('A005', TO_DATE('2023-12-08', 'YYYY-MM-DD'), 'Degree', 7, 'Company ABC', 5672, 'cv_24.pdf', 'link.com/port', 'Reviewing', TO_DATE('2024-07-25', 'YYYY-MM-DD'), 'P025', TO_DATE('1963-04-15', 'YYYY-MM-DD'));
INSERT INTO Applicant (A_ID, A_ApplicationDate, A_HighestEducation, A_YearsExperience, A_CurrentEmployer, A_ExpectedSalary, A_ResumeFile, A_PortfolioLink, A_ApplicationStatus, A_AvailabilityDate, P_ID, P_DateOfBirth) VALUES ('A006', TO_DATE('2023-12-23', 'YYYY-MM-DD'), 'Degree', 5, 'Company ABC', 7541, 'cv_25.pdf', 'link.com/port', 'Reviewing', TO_DATE('2024-03-06', 'YYYY-MM-DD'), 'P026', TO_DATE('1979-08-28', 'YYYY-MM-DD'));
INSERT INTO Applicant (A_ID, A_ApplicationDate, A_HighestEducation, A_YearsExperience, A_CurrentEmployer, A_ExpectedSalary, A_ResumeFile, A_PortfolioLink, A_ApplicationStatus, A_AvailabilityDate, P_ID, P_DateOfBirth) VALUES ('A007', TO_DATE('2023-04-09', 'YYYY-MM-DD'), 'Degree', 7, 'Company ABC', 6105, 'cv_26.pdf', 'link.com/port', 'Reviewing', TO_DATE('2024-12-12', 'YYYY-MM-DD'), 'P027', TO_DATE('1993-04-20', 'YYYY-MM-DD'));
INSERT INTO Applicant (A_ID, A_ApplicationDate, A_HighestEducation, A_YearsExperience, A_CurrentEmployer, A_ExpectedSalary, A_ResumeFile, A_PortfolioLink, A_ApplicationStatus, A_AvailabilityDate, P_ID, P_DateOfBirth) VALUES ('A008', TO_DATE('2023-03-31', 'YYYY-MM-DD'), 'Degree', 10, 'Company ABC', 7662, 'cv_27.pdf', 'link.com/port', 'Reviewing', TO_DATE('2024-06-03', 'YYYY-MM-DD'), 'P028', TO_DATE('1971-04-07', 'YYYY-MM-DD'));
INSERT INTO Applicant (A_ID, A_ApplicationDate, A_HighestEducation, A_YearsExperience, A_CurrentEmployer, A_ExpectedSalary, A_ResumeFile, A_PortfolioLink, A_ApplicationStatus, A_AvailabilityDate, P_ID, P_DateOfBirth) VALUES ('A009', TO_DATE('2023-07-27', 'YYYY-MM-DD'), 'Degree', 9, 'Company ABC', 3003, 'cv_28.pdf', 'link.com/port', 'Reviewing', TO_DATE('2024-06-04', 'YYYY-MM-DD'), 'P029', TO_DATE('1967-04-01', 'YYYY-MM-DD'));
INSERT INTO Applicant (A_ID, A_ApplicationDate, A_HighestEducation, A_YearsExperience, A_CurrentEmployer, A_ExpectedSalary, A_ResumeFile, A_PortfolioLink, A_ApplicationStatus, A_AvailabilityDate, P_ID, P_DateOfBirth) VALUES ('A010', TO_DATE('2023-05-27', 'YYYY-MM-DD'), 'Degree', 4, 'Company ABC', 6521, 'cv_29.pdf', 'link.com/port', 'Reviewing', TO_DATE('2024-10-23', 'YYYY-MM-DD'), 'P030', TO_DATE('1997-06-09', 'YYYY-MM-DD'));

-- Populating Investor
INSERT INTO Investor (I_ID, I_RegistrationDate, I_Category, I_RiskProfile, I_AnnualIncome, I_OccupationSector, I_TaxResidency, I_Goal, I_Experience, I_PreferredLanguage, P_ID, P_DateOfBirth) VALUES ('I001', TO_DATE('2016-04-17', 'YYYY-MM-DD'), 'Adult', 'Moderate', 60000, 'Private', 'Malaysia', 'Retirement', 'Intermediate', 'Bahasa Melayu', 'P011', TO_DATE('1984-03-12', 'YYYY-MM-DD'));
INSERT INTO Investor (I_ID, I_RegistrationDate, I_Category, I_RiskProfile, I_AnnualIncome, I_OccupationSector, I_TaxResidency, I_Goal, I_Experience, I_PreferredLanguage, P_ID, P_DateOfBirth) VALUES ('I002', TO_DATE('2017-01-01', 'YYYY-MM-DD'), 'Adult', 'Moderate', 120000, 'Private', 'Malaysia', 'Retirement', 'Intermediate', 'Bahasa Melayu', 'P012', TO_DATE('1970-10-21', 'YYYY-MM-DD'));
INSERT INTO Investor (I_ID, I_RegistrationDate, I_Category, I_RiskProfile, I_AnnualIncome, I_OccupationSector, I_TaxResidency, I_Goal, I_Experience, I_PreferredLanguage, P_ID, P_DateOfBirth) VALUES ('I003', TO_DATE('2017-12-23', 'YYYY-MM-DD'), 'Adult', 'Moderate', 36000, 'Private', 'Malaysia', 'Retirement', 'Intermediate', 'Bahasa Melayu', 'P013', TO_DATE('1971-11-21', 'YYYY-MM-DD'));
INSERT INTO Investor (I_ID, I_RegistrationDate, I_Category, I_RiskProfile, I_AnnualIncome, I_OccupationSector, I_TaxResidency, I_Goal, I_Experience, I_PreferredLanguage, P_ID, P_DateOfBirth) VALUES ('I004', TO_DATE('2016-03-20', 'YYYY-MM-DD'), 'Adult', 'Moderate', 120000, 'Private', 'Malaysia', 'Retirement', 'Intermediate', 'Bahasa Melayu', 'P014', TO_DATE('1965-06-05', 'YYYY-MM-DD'));
INSERT INTO Investor (I_ID, I_RegistrationDate, I_Category, I_RiskProfile, I_AnnualIncome, I_OccupationSector, I_TaxResidency, I_Goal, I_Experience, I_PreferredLanguage, P_ID, P_DateOfBirth) VALUES ('I005', TO_DATE('2019-11-15', 'YYYY-MM-DD'), 'Adult', 'Moderate', 60000, 'Private', 'Malaysia', 'Retirement', 'Intermediate', 'Bahasa Melayu', 'P015', TO_DATE('1970-04-08', 'YYYY-MM-DD'));
INSERT INTO Investor (I_ID, I_RegistrationDate, I_Category, I_RiskProfile, I_AnnualIncome, I_OccupationSector, I_TaxResidency, I_Goal, I_Experience, I_PreferredLanguage, P_ID, P_DateOfBirth) VALUES ('I006', TO_DATE('2023-03-04', 'YYYY-MM-DD'), 'Adult', 'Moderate', 60000, 'Private', 'Malaysia', 'Retirement', 'Intermediate', 'Bahasa Melayu', 'P016', TO_DATE('1992-06-12', 'YYYY-MM-DD'));
INSERT INTO Investor (I_ID, I_RegistrationDate, I_Category, I_RiskProfile, I_AnnualIncome, I_OccupationSector, I_TaxResidency, I_Goal, I_Experience, I_PreferredLanguage, P_ID, P_DateOfBirth) VALUES ('I007', TO_DATE('2019-11-23', 'YYYY-MM-DD'), 'Adult', 'Moderate', 120000, 'Private', 'Malaysia', 'Retirement', 'Intermediate', 'Bahasa Melayu', 'P017', TO_DATE('1978-06-10', 'YYYY-MM-DD'));
INSERT INTO Investor (I_ID, I_RegistrationDate, I_Category, I_RiskProfile, I_AnnualIncome, I_OccupationSector, I_TaxResidency, I_Goal, I_Experience, I_PreferredLanguage, P_ID, P_DateOfBirth) VALUES ('I008', TO_DATE('2020-09-25', 'YYYY-MM-DD'), 'Adult', 'Moderate', 36000, 'Private', 'Malaysia', 'Retirement', 'Intermediate', 'Bahasa Melayu', 'P018', TO_DATE('1984-01-21', 'YYYY-MM-DD'));
INSERT INTO Investor (I_ID, I_RegistrationDate, I_Category, I_RiskProfile, I_AnnualIncome, I_OccupationSector, I_TaxResidency, I_Goal, I_Experience, I_PreferredLanguage, P_ID, P_DateOfBirth) VALUES ('I009', TO_DATE('2019-04-27', 'YYYY-MM-DD'), 'Adult', 'Moderate', 120000, 'Private', 'Malaysia', 'Retirement', 'Intermediate', 'Bahasa Melayu', 'P019', TO_DATE('1962-04-08', 'YYYY-MM-DD'));
INSERT INTO Investor (I_ID, I_RegistrationDate, I_Category, I_RiskProfile, I_AnnualIncome, I_OccupationSector, I_TaxResidency, I_Goal, I_Experience, I_PreferredLanguage, P_ID, P_DateOfBirth) VALUES ('I010', TO_DATE('2017-02-17', 'YYYY-MM-DD'), 'Adult', 'Moderate', 60000, 'Private', 'Malaysia', 'Retirement', 'Intermediate', 'Bahasa Melayu', 'P020', TO_DATE('2000-06-24', 'YYYY-MM-DD'));

-- Populating RegistrationForm
INSERT INTO RegistrationForm (RF_ID, RF_SubmissionDate, RF_FormType, RF_VerificationStatus, RF_SupportingDocumentType, RF_ApprovalDate, RF_VerificationDate, RF_ApprovalStatus, RF_SubmissionChannel, RF_KYCStatus, I_ID, I_RegistrationDate) VALUES ('RF001', TO_DATE('2021-04-26', 'YYYY-MM-DD'), 'Account Opening', 'Verified', 'MyKad Copy', TO_DATE('2023-10-09', 'YYYY-MM-DD'), TO_DATE('2021-09-27', 'YYYY-MM-DD'), 'Approved', 'Counter', 'Completed', 'I001', TO_DATE('2016-04-17', 'YYYY-MM-DD'));
INSERT INTO RegistrationForm (RF_ID, RF_SubmissionDate, RF_FormType, RF_VerificationStatus, RF_SupportingDocumentType, RF_ApprovalDate, RF_VerificationDate, RF_ApprovalStatus, RF_SubmissionChannel, RF_KYCStatus, I_ID, I_RegistrationDate) VALUES ('RF002', TO_DATE('2021-04-05', 'YYYY-MM-DD'), 'Account Opening', 'Verified', 'MyKad Copy', TO_DATE('2021-02-11', 'YYYY-MM-DD'), TO_DATE('2020-10-28', 'YYYY-MM-DD'), 'Approved', 'Counter', 'Completed', 'I002', TO_DATE('2017-01-01', 'YYYY-MM-DD'));
INSERT INTO RegistrationForm (RF_ID, RF_SubmissionDate, RF_FormType, RF_VerificationStatus, RF_SupportingDocumentType, RF_ApprovalDate, RF_VerificationDate, RF_ApprovalStatus, RF_SubmissionChannel, RF_KYCStatus, I_ID, I_RegistrationDate) VALUES ('RF003', TO_DATE('2020-02-20', 'YYYY-MM-DD'), 'Account Opening', 'Verified', 'MyKad Copy', TO_DATE('2020-04-04', 'YYYY-MM-DD'), TO_DATE('2021-05-16', 'YYYY-MM-DD'), 'Approved', 'Counter', 'Completed', 'I003', TO_DATE('2017-12-23', 'YYYY-MM-DD'));
INSERT INTO RegistrationForm (RF_ID, RF_SubmissionDate, RF_FormType, RF_VerificationStatus, RF_SupportingDocumentType, RF_ApprovalDate, RF_VerificationDate, RF_ApprovalStatus, RF_SubmissionChannel, RF_KYCStatus, I_ID, I_RegistrationDate) VALUES ('RF004', TO_DATE('2022-08-31', 'YYYY-MM-DD'), 'Account Opening', 'Verified', 'MyKad Copy', TO_DATE('2023-06-05', 'YYYY-MM-DD'), TO_DATE('2020-05-29', 'YYYY-MM-DD'), 'Approved', 'Counter', 'Completed', 'I004', TO_DATE('2016-03-20', 'YYYY-MM-DD'));
INSERT INTO RegistrationForm (RF_ID, RF_SubmissionDate, RF_FormType, RF_VerificationStatus, RF_SupportingDocumentType, RF_ApprovalDate, RF_VerificationDate, RF_ApprovalStatus, RF_SubmissionChannel, RF_KYCStatus, I_ID, I_RegistrationDate) VALUES ('RF005', TO_DATE('2022-07-21', 'YYYY-MM-DD'), 'Account Opening', 'Verified', 'MyKad Copy', TO_DATE('2022-04-28', 'YYYY-MM-DD'), TO_DATE('2023-07-13', 'YYYY-MM-DD'), 'Approved', 'Counter', 'Completed', 'I005', TO_DATE('2019-11-15', 'YYYY-MM-DD'));
INSERT INTO RegistrationForm (RF_ID, RF_SubmissionDate, RF_FormType, RF_VerificationStatus, RF_SupportingDocumentType, RF_ApprovalDate, RF_VerificationDate, RF_ApprovalStatus, RF_SubmissionChannel, RF_KYCStatus, I_ID, I_RegistrationDate) VALUES ('RF006', TO_DATE('2023-03-24', 'YYYY-MM-DD'), 'Account Opening', 'Verified', 'MyKad Copy', TO_DATE('2021-02-02', 'YYYY-MM-DD'), TO_DATE('2023-11-27', 'YYYY-MM-DD'), 'Approved', 'Counter', 'Completed', 'I006', TO_DATE('2023-03-04', 'YYYY-MM-DD'));
INSERT INTO RegistrationForm (RF_ID, RF_SubmissionDate, RF_FormType, RF_VerificationStatus, RF_SupportingDocumentType, RF_ApprovalDate, RF_VerificationDate, RF_ApprovalStatus, RF_SubmissionChannel, RF_KYCStatus, I_ID, I_RegistrationDate) VALUES ('RF007', TO_DATE('2022-02-25', 'YYYY-MM-DD'), 'Account Opening', 'Verified', 'MyKad Copy', TO_DATE('2022-10-09', 'YYYY-MM-DD'), TO_DATE('2022-03-29', 'YYYY-MM-DD'), 'Approved', 'Counter', 'Completed', 'I007', TO_DATE('2019-11-23', 'YYYY-MM-DD'));
INSERT INTO RegistrationForm (RF_ID, RF_SubmissionDate, RF_FormType, RF_VerificationStatus, RF_SupportingDocumentType, RF_ApprovalDate, RF_VerificationDate, RF_ApprovalStatus, RF_SubmissionChannel, RF_KYCStatus, I_ID, I_RegistrationDate) VALUES ('RF008', TO_DATE('2021-05-14', 'YYYY-MM-DD'), 'Account Opening', 'Verified', 'MyKad Copy', TO_DATE('2020-10-29', 'YYYY-MM-DD'), TO_DATE('2023-09-05', 'YYYY-MM-DD'), 'Approved', 'Counter', 'Completed', 'I008', TO_DATE('2020-09-25', 'YYYY-MM-DD'));
INSERT INTO RegistrationForm (RF_ID, RF_SubmissionDate, RF_FormType, RF_VerificationStatus, RF_SupportingDocumentType, RF_ApprovalDate, RF_VerificationDate, RF_ApprovalStatus, RF_SubmissionChannel, RF_KYCStatus, I_ID, I_RegistrationDate) VALUES ('RF009', TO_DATE('2023-11-09', 'YYYY-MM-DD'), 'Account Opening', 'Verified', 'MyKad Copy', TO_DATE('2020-01-12', 'YYYY-MM-DD'), TO_DATE('2020-08-06', 'YYYY-MM-DD'), 'Approved', 'Counter', 'Completed', 'I009', TO_DATE('2019-04-27', 'YYYY-MM-DD'));
INSERT INTO RegistrationForm (RF_ID, RF_SubmissionDate, RF_FormType, RF_VerificationStatus, RF_SupportingDocumentType, RF_ApprovalDate, RF_VerificationDate, RF_ApprovalStatus, RF_SubmissionChannel, RF_KYCStatus, I_ID, I_RegistrationDate) VALUES ('RF010', TO_DATE('2022-05-20', 'YYYY-MM-DD'), 'Account Opening', 'Verified', 'MyKad Copy', TO_DATE('2021-03-24', 'YYYY-MM-DD'), TO_DATE('2020-12-26', 'YYYY-MM-DD'), 'Approved', 'Counter', 'Completed', 'I010', TO_DATE('2017-02-17', 'YYYY-MM-DD'));

-- Populating JobApplication
INSERT INTO JobApplication (JAPP_ID, JAPP_SubmissionDate, JAPP_Status, JAPP_ScreeningScore, JAPP_InterviewDate, JAPP_InterviewResult, JAPP_OfferStatus, JAPP_ExpectedSalary, JAPP_AvailabilityDate, JAPP_ApplicationSource, A_ID, A_ApplicationDate) VALUES ('JAPP001', TO_DATE('2023-02-17', 'YYYY-MM-DD'), 'Interviewed', 85, TO_TIMESTAMP('2023-10-10 10:00:00', 'YYYY-MM-DD HH24:MI:SS'), 'Pass', 'Offered', 5000.00, TO_DATE('2024-05-30', 'YYYY-MM-DD'), 'Portal', 'A001', TO_DATE('2023-01-23', 'YYYY-MM-DD'));
INSERT INTO JobApplication (JAPP_ID, JAPP_SubmissionDate, JAPP_Status, JAPP_ScreeningScore, JAPP_InterviewDate, JAPP_InterviewResult, JAPP_OfferStatus, JAPP_ExpectedSalary, JAPP_AvailabilityDate, JAPP_ApplicationSource, A_ID, A_ApplicationDate) VALUES ('JAPP002', TO_DATE('2023-04-24', 'YYYY-MM-DD'), 'Interviewed', 85, TO_TIMESTAMP('2023-10-10 10:00:00', 'YYYY-MM-DD HH24:MI:SS'), 'Pass', 'Offered', 5000.00, TO_DATE('2024-07-26', 'YYYY-MM-DD'), 'Portal', 'A002', TO_DATE('2023-10-03', 'YYYY-MM-DD'));
INSERT INTO JobApplication (JAPP_ID, JAPP_SubmissionDate, JAPP_Status, JAPP_ScreeningScore, JAPP_InterviewDate, JAPP_InterviewResult, JAPP_OfferStatus, JAPP_ExpectedSalary, JAPP_AvailabilityDate, JAPP_ApplicationSource, A_ID, A_ApplicationDate) VALUES ('JAPP003', TO_DATE('2023-12-21', 'YYYY-MM-DD'), 'Interviewed', 85, TO_TIMESTAMP('2023-10-10 10:00:00', 'YYYY-MM-DD HH24:MI:SS'), 'Pass', 'Offered', 5000.00, TO_DATE('2024-05-04', 'YYYY-MM-DD'), 'Portal', 'A003', TO_DATE('2023-02-05', 'YYYY-MM-DD'));
INSERT INTO JobApplication (JAPP_ID, JAPP_SubmissionDate, JAPP_Status, JAPP_ScreeningScore, JAPP_InterviewDate, JAPP_InterviewResult, JAPP_OfferStatus, JAPP_ExpectedSalary, JAPP_AvailabilityDate, JAPP_ApplicationSource, A_ID, A_ApplicationDate) VALUES ('JAPP004', TO_DATE('2023-06-06', 'YYYY-MM-DD'), 'Interviewed', 85, TO_TIMESTAMP('2023-10-10 10:00:00', 'YYYY-MM-DD HH24:MI:SS'), 'Pass', 'Offered', 5000.00, TO_DATE('2024-12-05', 'YYYY-MM-DD'), 'Portal', 'A004', TO_DATE('2023-03-05', 'YYYY-MM-DD'));
INSERT INTO JobApplication (JAPP_ID, JAPP_SubmissionDate, JAPP_Status, JAPP_ScreeningScore, JAPP_InterviewDate, JAPP_InterviewResult, JAPP_OfferStatus, JAPP_ExpectedSalary, JAPP_AvailabilityDate, JAPP_ApplicationSource, A_ID, A_ApplicationDate) VALUES ('JAPP005', TO_DATE('2023-10-25', 'YYYY-MM-DD'), 'Interviewed', 85, TO_TIMESTAMP('2023-10-10 10:00:00', 'YYYY-MM-DD HH24:MI:SS'), 'Pass', 'Offered', 5000.00, TO_DATE('2024-07-07', 'YYYY-MM-DD'), 'Portal', 'A005', TO_DATE('2023-12-08', 'YYYY-MM-DD'));
INSERT INTO JobApplication (JAPP_ID, JAPP_SubmissionDate, JAPP_Status, JAPP_ScreeningScore, JAPP_InterviewDate, JAPP_InterviewResult, JAPP_OfferStatus, JAPP_ExpectedSalary, JAPP_AvailabilityDate, JAPP_ApplicationSource, A_ID, A_ApplicationDate) VALUES ('JAPP006', TO_DATE('2023-08-31', 'YYYY-MM-DD'), 'Interviewed', 85, TO_TIMESTAMP('2023-10-10 10:00:00', 'YYYY-MM-DD HH24:MI:SS'), 'Pass', 'Offered', 5000.00, TO_DATE('2024-10-10', 'YYYY-MM-DD'), 'Portal', 'A006', TO_DATE('2023-12-23', 'YYYY-MM-DD'));
INSERT INTO JobApplication (JAPP_ID, JAPP_SubmissionDate, JAPP_Status, JAPP_ScreeningScore, JAPP_InterviewDate, JAPP_InterviewResult, JAPP_OfferStatus, JAPP_ExpectedSalary, JAPP_AvailabilityDate, JAPP_ApplicationSource, A_ID, A_ApplicationDate) VALUES ('JAPP007', TO_DATE('2023-09-29', 'YYYY-MM-DD'), 'Interviewed', 85, TO_TIMESTAMP('2023-10-10 10:00:00', 'YYYY-MM-DD HH24:MI:SS'), 'Pass', 'Offered', 5000.00, TO_DATE('2024-06-25', 'YYYY-MM-DD'), 'Portal', 'A007', TO_DATE('2023-04-09', 'YYYY-MM-DD'));
INSERT INTO JobApplication (JAPP_ID, JAPP_SubmissionDate, JAPP_Status, JAPP_ScreeningScore, JAPP_InterviewDate, JAPP_InterviewResult, JAPP_OfferStatus, JAPP_ExpectedSalary, JAPP_AvailabilityDate, JAPP_ApplicationSource, A_ID, A_ApplicationDate) VALUES ('JAPP008', TO_DATE('2023-08-06', 'YYYY-MM-DD'), 'Interviewed', 85, TO_TIMESTAMP('2023-10-10 10:00:00', 'YYYY-MM-DD HH24:MI:SS'), 'Pass', 'Offered', 5000.00, TO_DATE('2024-10-08', 'YYYY-MM-DD'), 'Portal', 'A008', TO_DATE('2023-03-31', 'YYYY-MM-DD'));
INSERT INTO JobApplication (JAPP_ID, JAPP_SubmissionDate, JAPP_Status, JAPP_ScreeningScore, JAPP_InterviewDate, JAPP_InterviewResult, JAPP_OfferStatus, JAPP_ExpectedSalary, JAPP_AvailabilityDate, JAPP_ApplicationSource, A_ID, A_ApplicationDate) VALUES ('JAPP009', TO_DATE('2023-06-19', 'YYYY-MM-DD'), 'Interviewed', 85, TO_TIMESTAMP('2023-10-10 10:00:00', 'YYYY-MM-DD HH24:MI:SS'), 'Pass', 'Offered', 5000.00, TO_DATE('2024-06-29', 'YYYY-MM-DD'), 'Portal', 'A009', TO_DATE('2023-07-27', 'YYYY-MM-DD'));
INSERT INTO JobApplication (JAPP_ID, JAPP_SubmissionDate, JAPP_Status, JAPP_ScreeningScore, JAPP_InterviewDate, JAPP_InterviewResult, JAPP_OfferStatus, JAPP_ExpectedSalary, JAPP_AvailabilityDate, JAPP_ApplicationSource, A_ID, A_ApplicationDate) VALUES ('JAPP010', TO_DATE('2023-12-26', 'YYYY-MM-DD'), 'Interviewed', 85, TO_TIMESTAMP('2023-10-10 10:00:00', 'YYYY-MM-DD HH24:MI:SS'), 'Pass', 'Offered', 5000.00, TO_DATE('2024-08-20', 'YYYY-MM-DD'), 'Portal', 'A010', TO_DATE('2023-05-27', 'YYYY-MM-DD'));

-- Populating InvestmentPortfolio
INSERT INTO InvestmentPortfolio (IP_ID, IP_CreationDate, IP_Name, IP_Type, IP_RiskLevel, IP_Value, IP_AssetAllocation, IP_ManagerName, IP_InvestmentObjective, IP_RebalancingFrequency, F_ID, F_Code) VALUES ('IP001', TO_DATE('2013-01-14', 'YYYY-MM-DD'), 'Portfolio 1', 'Mixed', 'Moderate', 10000000.0000, '60/40', 'Manager', 'Growth', 'Annual', 'F001', 'FND01');
INSERT INTO InvestmentPortfolio (IP_ID, IP_CreationDate, IP_Name, IP_Type, IP_RiskLevel, IP_Value, IP_AssetAllocation, IP_ManagerName, IP_InvestmentObjective, IP_RebalancingFrequency, F_ID, F_Code) VALUES ('IP002', TO_DATE('2013-06-09', 'YYYY-MM-DD'), 'Portfolio 2', 'Mixed', 'Moderate', 10000000.0000, '60/40', 'Manager', 'Growth', 'Annual', 'F002', 'FND02');
INSERT INTO InvestmentPortfolio (IP_ID, IP_CreationDate, IP_Name, IP_Type, IP_RiskLevel, IP_Value, IP_AssetAllocation, IP_ManagerName, IP_InvestmentObjective, IP_RebalancingFrequency, F_ID, F_Code) VALUES ('IP003', TO_DATE('2012-10-26', 'YYYY-MM-DD'), 'Portfolio 3', 'Mixed', 'Moderate', 10000000.0000, '60/40', 'Manager', 'Growth', 'Annual', 'F003', 'FND03');
INSERT INTO InvestmentPortfolio (IP_ID, IP_CreationDate, IP_Name, IP_Type, IP_RiskLevel, IP_Value, IP_AssetAllocation, IP_ManagerName, IP_InvestmentObjective, IP_RebalancingFrequency, F_ID, F_Code) VALUES ('IP004', TO_DATE('2012-08-02', 'YYYY-MM-DD'), 'Portfolio 4', 'Mixed', 'Moderate', 10000000.0000, '60/40', 'Manager', 'Growth', 'Annual', 'F004', 'FND04');
INSERT INTO InvestmentPortfolio (IP_ID, IP_CreationDate, IP_Name, IP_Type, IP_RiskLevel, IP_Value, IP_AssetAllocation, IP_ManagerName, IP_InvestmentObjective, IP_RebalancingFrequency, F_ID, F_Code) VALUES ('IP005', TO_DATE('2011-05-10', 'YYYY-MM-DD'), 'Portfolio 5', 'Mixed', 'Moderate', 10000000.0000, '60/40', 'Manager', 'Growth', 'Annual', 'F005', 'FND05');
INSERT INTO InvestmentPortfolio (IP_ID, IP_CreationDate, IP_Name, IP_Type, IP_RiskLevel, IP_Value, IP_AssetAllocation, IP_ManagerName, IP_InvestmentObjective, IP_RebalancingFrequency, F_ID, F_Code) VALUES ('IP006', TO_DATE('2018-02-02', 'YYYY-MM-DD'), 'Portfolio 6', 'Mixed', 'Moderate', 10000000.0000, '60/40', 'Manager', 'Growth', 'Annual', 'F006', 'FND06');
INSERT INTO InvestmentPortfolio (IP_ID, IP_CreationDate, IP_Name, IP_Type, IP_RiskLevel, IP_Value, IP_AssetAllocation, IP_ManagerName, IP_InvestmentObjective, IP_RebalancingFrequency, F_ID, F_Code) VALUES ('IP007', TO_DATE('2012-02-28', 'YYYY-MM-DD'), 'Portfolio 7', 'Mixed', 'Moderate', 10000000.0000, '60/40', 'Manager', 'Growth', 'Annual', 'F007', 'FND07');
INSERT INTO InvestmentPortfolio (IP_ID, IP_CreationDate, IP_Name, IP_Type, IP_RiskLevel, IP_Value, IP_AssetAllocation, IP_ManagerName, IP_InvestmentObjective, IP_RebalancingFrequency, F_ID, F_Code) VALUES ('IP008', TO_DATE('2013-07-16', 'YYYY-MM-DD'), 'Portfolio 8', 'Mixed', 'Moderate', 10000000.0000, '60/40', 'Manager', 'Growth', 'Annual', 'F008', 'FND08');
INSERT INTO InvestmentPortfolio (IP_ID, IP_CreationDate, IP_Name, IP_Type, IP_RiskLevel, IP_Value, IP_AssetAllocation, IP_ManagerName, IP_InvestmentObjective, IP_RebalancingFrequency, F_ID, F_Code) VALUES ('IP009', TO_DATE('2011-05-05', 'YYYY-MM-DD'), 'Portfolio 9', 'Mixed', 'Moderate', 10000000.0000, '60/40', 'Manager', 'Growth', 'Annual', 'F009', 'FND09');
INSERT INTO InvestmentPortfolio (IP_ID, IP_CreationDate, IP_Name, IP_Type, IP_RiskLevel, IP_Value, IP_AssetAllocation, IP_ManagerName, IP_InvestmentObjective, IP_RebalancingFrequency, F_ID, F_Code) VALUES ('IP010', TO_DATE('2018-05-01', 'YYYY-MM-DD'), 'Portfolio 10', 'Mixed', 'Moderate', 10000000.0000, '60/40', 'Manager', 'Growth', 'Annual', 'F010', 'FND10');

-- Populating InvestorAccount
INSERT INTO InvestorAccount (IA_ID, IA_AccountOpenDate, IA_AccountNumber, IA_AccountType, IA_RiskCategory, IA_TotalInvestment, IA_TotalDividend, IA_AccountBalance, IA_AccountStatus, IA_PreferredStatementMethod, I_ID, I_RegistrationDate, RF_ID, RF_SubmissionDate) VALUES ('IA001', TO_DATE('2022-10-21', 'YYYY-MM-DD'), 100643118, 'Akaun Dewasa', 'Moderate', 36361.2447, 4040.1383, 40401.3830, 'Active', 'Email', 'I001', TO_DATE('2016-04-17', 'YYYY-MM-DD'), 'RF001', TO_DATE('2021-04-26', 'YYYY-MM-DD'));
INSERT INTO InvestorAccount (IA_ID, IA_AccountOpenDate, IA_AccountNumber, IA_AccountType, IA_RiskCategory, IA_TotalInvestment, IA_TotalDividend, IA_AccountBalance, IA_AccountStatus, IA_PreferredStatementMethod, I_ID, I_RegistrationDate, RF_ID, RF_SubmissionDate) VALUES ('IA002', TO_DATE('2021-04-02', 'YYYY-MM-DD'), 100361303, 'Akaun Dewasa', 'Moderate', 21386.6499, 2376.2944, 23762.9443, 'Active', 'Email', 'I002', TO_DATE('2017-01-01', 'YYYY-MM-DD'), 'RF002', TO_DATE('2021-04-05', 'YYYY-MM-DD'));
INSERT INTO InvestorAccount (IA_ID, IA_AccountOpenDate, IA_AccountNumber, IA_AccountType, IA_RiskCategory, IA_TotalInvestment, IA_TotalDividend, IA_AccountBalance, IA_AccountStatus, IA_PreferredStatementMethod, I_ID, I_RegistrationDate, RF_ID, RF_SubmissionDate) VALUES ('IA003', TO_DATE('2016-05-12', 'YYYY-MM-DD'), 100578634, 'Akaun Dewasa', 'Moderate', 41360.4276, 4595.6031, 45956.0307, 'Active', 'Email', 'I003', TO_DATE('2017-12-23', 'YYYY-MM-DD'), 'RF003', TO_DATE('2020-02-20', 'YYYY-MM-DD'));
INSERT INTO InvestorAccount (IA_ID, IA_AccountOpenDate, IA_AccountNumber, IA_AccountType, IA_RiskCategory, IA_TotalInvestment, IA_TotalDividend, IA_AccountBalance, IA_AccountStatus, IA_PreferredStatementMethod, I_ID, I_RegistrationDate, RF_ID, RF_SubmissionDate) VALUES ('IA004', TO_DATE('2020-03-18', 'YYYY-MM-DD'), 100800005, 'Akaun Dewasa', 'Moderate', 6780.2546, 753.3616, 7533.6162, 'Active', 'Email', 'I004', TO_DATE('2016-03-20', 'YYYY-MM-DD'), 'RF004', TO_DATE('2022-08-31', 'YYYY-MM-DD'));
INSERT INTO InvestorAccount (IA_ID, IA_AccountOpenDate, IA_AccountNumber, IA_AccountType, IA_RiskCategory, IA_TotalInvestment, IA_TotalDividend, IA_AccountBalance, IA_AccountStatus, IA_PreferredStatementMethod, I_ID, I_RegistrationDate, RF_ID, RF_SubmissionDate) VALUES ('IA005', TO_DATE('2021-04-08', 'YYYY-MM-DD'), 100724377, 'Akaun Dewasa', 'Moderate', 24322.9162, 2702.5462, 27025.4624, 'Active', 'Email', 'I005', TO_DATE('2019-11-15', 'YYYY-MM-DD'), 'RF005', TO_DATE('2022-07-21', 'YYYY-MM-DD'));
INSERT INTO InvestorAccount (IA_ID, IA_AccountOpenDate, IA_AccountNumber, IA_AccountType, IA_RiskCategory, IA_TotalInvestment, IA_TotalDividend, IA_AccountBalance, IA_AccountStatus, IA_PreferredStatementMethod, I_ID, I_RegistrationDate, RF_ID, RF_SubmissionDate) VALUES ('IA006', TO_DATE('2023-06-21', 'YYYY-MM-DD'), 100564071, 'Akaun Dewasa', 'Moderate', 14892.8399, 1654.7600, 16547.5999, 'Active', 'Email', 'I006', TO_DATE('2023-03-04', 'YYYY-MM-DD'), 'RF006', TO_DATE('2023-03-24', 'YYYY-MM-DD'));
INSERT INTO InvestorAccount (IA_ID, IA_AccountOpenDate, IA_AccountNumber, IA_AccountType, IA_RiskCategory, IA_TotalInvestment, IA_TotalDividend, IA_AccountBalance, IA_AccountStatus, IA_PreferredStatementMethod, I_ID, I_RegistrationDate, RF_ID, RF_SubmissionDate) VALUES ('IA007', TO_DATE('2023-01-25', 'YYYY-MM-DD'), 100629298, 'Akaun Dewasa', 'Moderate', 27917.9674, 3101.9964, 31019.9638, 'Active', 'Email', 'I007', TO_DATE('2019-11-23', 'YYYY-MM-DD'), 'RF007', TO_DATE('2022-02-25', 'YYYY-MM-DD'));
INSERT INTO InvestorAccount (IA_ID, IA_AccountOpenDate, IA_AccountNumber, IA_AccountType, IA_RiskCategory, IA_TotalInvestment, IA_TotalDividend, IA_AccountBalance, IA_AccountStatus, IA_PreferredStatementMethod, I_ID, I_RegistrationDate, RF_ID, RF_SubmissionDate) VALUES ('IA008', TO_DATE('2021-02-22', 'YYYY-MM-DD'), 100567574, 'Akaun Dewasa', 'Moderate', 19719.2674, 2191.0297, 21910.2971, 'Active', 'Email', 'I008', TO_DATE('2020-09-25', 'YYYY-MM-DD'), 'RF008', TO_DATE('2021-05-14', 'YYYY-MM-DD'));
INSERT INTO InvestorAccount (IA_ID, IA_AccountOpenDate, IA_AccountNumber, IA_AccountType, IA_RiskCategory, IA_TotalInvestment, IA_TotalDividend, IA_AccountBalance, IA_AccountStatus, IA_PreferredStatementMethod, I_ID, I_RegistrationDate, RF_ID, RF_SubmissionDate) VALUES ('IA009', TO_DATE('2023-05-05', 'YYYY-MM-DD'), 100597732, 'Akaun Dewasa', 'Moderate', 40466.8774, 4496.3197, 44963.1971, 'Active', 'Email', 'I009', TO_DATE('2019-04-27', 'YYYY-MM-DD'), 'RF009', TO_DATE('2023-11-09', 'YYYY-MM-DD'));
INSERT INTO InvestorAccount (IA_ID, IA_AccountOpenDate, IA_AccountNumber, IA_AccountType, IA_RiskCategory, IA_TotalInvestment, IA_TotalDividend, IA_AccountBalance, IA_AccountStatus, IA_PreferredStatementMethod, I_ID, I_RegistrationDate, RF_ID, RF_SubmissionDate) VALUES ('IA010', TO_DATE('2023-06-07', 'YYYY-MM-DD'), 100359249, 'Akaun Dewasa', 'Moderate', 20748.0763, 2305.3418, 23053.4181, 'Active', 'Email', 'I010', TO_DATE('2017-02-17', 'YYYY-MM-DD'), 'RF010', TO_DATE('2022-05-20', 'YYYY-MM-DD'));

-- Populating OnlineAccount
INSERT INTO OnlineAccount (OA_ID, OA_RegistrationDate, OA_Username, OA_PasswordHash, OA_SecurityQuestion, OA_SecurityAnswer, OA_LastLogin, OA_FailedLoginAttempts, OA_MFAStatus, OA_AccountStatus, I_ID, I_RegistrationDate, IA_ID, IA_AccountOpenDate, RF_ID, RF_SubmissionDate) VALUES ('OA001', TO_DATE('2023-07-29', 'YYYY-MM-DD'), 'user_1', 'hash123', 'Pet?', 'Cat', 'Y', 0, 'Enabled', 'Active', 'I001', TO_DATE('2016-04-17', 'YYYY-MM-DD'), 'IA001', TO_DATE('2022-10-21', 'YYYY-MM-DD'), 'RF001', TO_DATE('2021-04-26', 'YYYY-MM-DD'));
INSERT INTO OnlineAccount (OA_ID, OA_RegistrationDate, OA_Username, OA_PasswordHash, OA_SecurityQuestion, OA_SecurityAnswer, OA_LastLogin, OA_FailedLoginAttempts, OA_MFAStatus, OA_AccountStatus, I_ID, I_RegistrationDate, IA_ID, IA_AccountOpenDate, RF_ID, RF_SubmissionDate) VALUES ('OA002', TO_DATE('2021-07-21', 'YYYY-MM-DD'), 'user_2', 'hash123', 'Pet?', 'Cat', 'Y', 0, 'Enabled', 'Active', 'I002', TO_DATE('2017-01-01', 'YYYY-MM-DD'), 'IA002', TO_DATE('2021-04-02', 'YYYY-MM-DD'), 'RF002', TO_DATE('2021-04-05', 'YYYY-MM-DD'));
INSERT INTO OnlineAccount (OA_ID, OA_RegistrationDate, OA_Username, OA_PasswordHash, OA_SecurityQuestion, OA_SecurityAnswer, OA_LastLogin, OA_FailedLoginAttempts, OA_MFAStatus, OA_AccountStatus, I_ID, I_RegistrationDate, IA_ID, IA_AccountOpenDate, RF_ID, RF_SubmissionDate) VALUES ('OA003', TO_DATE('2022-12-03', 'YYYY-MM-DD'), 'user_3', 'hash123', 'Pet?', 'Cat', 'Y', 0, 'Enabled', 'Active', 'I003', TO_DATE('2017-12-23', 'YYYY-MM-DD'), 'IA003', TO_DATE('2016-05-12', 'YYYY-MM-DD'), 'RF003', TO_DATE('2020-02-20', 'YYYY-MM-DD'));
INSERT INTO OnlineAccount (OA_ID, OA_RegistrationDate, OA_Username, OA_PasswordHash, OA_SecurityQuestion, OA_SecurityAnswer, OA_LastLogin, OA_FailedLoginAttempts, OA_MFAStatus, OA_AccountStatus, I_ID, I_RegistrationDate, IA_ID, IA_AccountOpenDate, RF_ID, RF_SubmissionDate) VALUES ('OA004', TO_DATE('2022-09-19', 'YYYY-MM-DD'), 'user_4', 'hash123', 'Pet?', 'Cat', 'Y', 0, 'Enabled', 'Active', 'I004', TO_DATE('2016-03-20', 'YYYY-MM-DD'), 'IA004', TO_DATE('2020-03-18', 'YYYY-MM-DD'), 'RF004', TO_DATE('2022-08-31', 'YYYY-MM-DD'));
INSERT INTO OnlineAccount (OA_ID, OA_RegistrationDate, OA_Username, OA_PasswordHash, OA_SecurityQuestion, OA_SecurityAnswer, OA_LastLogin, OA_FailedLoginAttempts, OA_MFAStatus, OA_AccountStatus, I_ID, I_RegistrationDate, IA_ID, IA_AccountOpenDate, RF_ID, RF_SubmissionDate) VALUES ('OA005', TO_DATE('2023-07-07', 'YYYY-MM-DD'), 'user_5', 'hash123', 'Pet?', 'Cat', 'Y', 0, 'Enabled', 'Active', 'I005', TO_DATE('2019-11-15', 'YYYY-MM-DD'), 'IA005', TO_DATE('2021-04-08', 'YYYY-MM-DD'), 'RF005', TO_DATE('2022-07-21', 'YYYY-MM-DD'));
INSERT INTO OnlineAccount (OA_ID, OA_RegistrationDate, OA_Username, OA_PasswordHash, OA_SecurityQuestion, OA_SecurityAnswer, OA_LastLogin, OA_FailedLoginAttempts, OA_MFAStatus, OA_AccountStatus, I_ID, I_RegistrationDate, IA_ID, IA_AccountOpenDate, RF_ID, RF_SubmissionDate) VALUES ('OA006', TO_DATE('2021-05-04', 'YYYY-MM-DD'), 'user_6', 'hash123', 'Pet?', 'Cat', 'Y', 0, 'Enabled', 'Active', 'I006', TO_DATE('2023-03-04', 'YYYY-MM-DD'), 'IA006', TO_DATE('2023-06-21', 'YYYY-MM-DD'), 'RF006', TO_DATE('2023-03-24', 'YYYY-MM-DD'));
INSERT INTO OnlineAccount (OA_ID, OA_RegistrationDate, OA_Username, OA_PasswordHash, OA_SecurityQuestion, OA_SecurityAnswer, OA_LastLogin, OA_FailedLoginAttempts, OA_MFAStatus, OA_AccountStatus, I_ID, I_RegistrationDate, IA_ID, IA_AccountOpenDate, RF_ID, RF_SubmissionDate) VALUES ('OA007', TO_DATE('2021-07-16', 'YYYY-MM-DD'), 'user_7', 'hash123', 'Pet?', 'Cat', 'Y', 0, 'Enabled', 'Active', 'I007', TO_DATE('2019-11-23', 'YYYY-MM-DD'), 'IA007', TO_DATE('2023-01-25', 'YYYY-MM-DD'), 'RF007', TO_DATE('2022-02-25', 'YYYY-MM-DD'));
INSERT INTO OnlineAccount (OA_ID, OA_RegistrationDate, OA_Username, OA_PasswordHash, OA_SecurityQuestion, OA_SecurityAnswer, OA_LastLogin, OA_FailedLoginAttempts, OA_MFAStatus, OA_AccountStatus, I_ID, I_RegistrationDate, IA_ID, IA_AccountOpenDate, RF_ID, RF_SubmissionDate) VALUES ('OA008', TO_DATE('2022-06-19', 'YYYY-MM-DD'), 'user_8', 'hash123', 'Pet?', 'Cat', 'Y', 0, 'Enabled', 'Active', 'I008', TO_DATE('2020-09-25', 'YYYY-MM-DD'), 'IA008', TO_DATE('2021-02-22', 'YYYY-MM-DD'), 'RF008', TO_DATE('2021-05-14', 'YYYY-MM-DD'));
INSERT INTO OnlineAccount (OA_ID, OA_RegistrationDate, OA_Username, OA_PasswordHash, OA_SecurityQuestion, OA_SecurityAnswer, OA_LastLogin, OA_FailedLoginAttempts, OA_MFAStatus, OA_AccountStatus, I_ID, I_RegistrationDate, IA_ID, IA_AccountOpenDate, RF_ID, RF_SubmissionDate) VALUES ('OA009', TO_DATE('2020-06-07', 'YYYY-MM-DD'), 'user_9', 'hash123', 'Pet?', 'Cat', 'Y', 0, 'Enabled', 'Active', 'I009', TO_DATE('2019-04-27', 'YYYY-MM-DD'), 'IA009', TO_DATE('2023-05-05', 'YYYY-MM-DD'), 'RF009', TO_DATE('2023-11-09', 'YYYY-MM-DD'));
INSERT INTO OnlineAccount (OA_ID, OA_RegistrationDate, OA_Username, OA_PasswordHash, OA_SecurityQuestion, OA_SecurityAnswer, OA_LastLogin, OA_FailedLoginAttempts, OA_MFAStatus, OA_AccountStatus, I_ID, I_RegistrationDate, IA_ID, IA_AccountOpenDate, RF_ID, RF_SubmissionDate) VALUES ('OA010', TO_DATE('2021-08-08', 'YYYY-MM-DD'), 'user_10', 'hash123', 'Pet?', 'Cat', 'Y', 0, 'Enabled', 'Active', 'I010', TO_DATE('2017-02-17', 'YYYY-MM-DD'), 'IA010', TO_DATE('2023-06-07', 'YYYY-MM-DD'), 'RF010', TO_DATE('2022-05-20', 'YYYY-MM-DD'));

-- Populating BankAccount
INSERT INTO BankAccount (BA_ID, BA_RegistrationDate, BA_AccountNumber, BA_BankName, BA_BranchName, BA_AccountType, BA_Currency, BA_AccountStatus, BA_VerificationStatus, BA_AccountHolderName, P_ID, P_DateOfBirth, IA_ID, IA_AccountOpenDate) VALUES ('BA001', TO_DATE('2017-08-18', 'YYYY-MM-DD'), 1122330000, 'Maybank', 'Main', 'Savings', 'MYR', 'Active', 'Verified', 'Ramesh Wei', 'P011', TO_DATE('1984-03-12', 'YYYY-MM-DD'), 'IA001', TO_DATE('2022-10-21', 'YYYY-MM-DD'));
INSERT INTO BankAccount (BA_ID, BA_RegistrationDate, BA_AccountNumber, BA_BankName, BA_BranchName, BA_AccountType, BA_Currency, BA_AccountStatus, BA_VerificationStatus, BA_AccountHolderName, P_ID, P_DateOfBirth, IA_ID, IA_AccountOpenDate) VALUES ('BA002', TO_DATE('2018-01-17', 'YYYY-MM-DD'), 1122330001, 'Maybank', 'Main', 'Savings', 'MYR', 'Active', 'Verified', 'Mei Ling Bin Abdullah', 'P012', TO_DATE('1970-10-21', 'YYYY-MM-DD'), 'IA002', TO_DATE('2021-04-02', 'YYYY-MM-DD'));
INSERT INTO BankAccount (BA_ID, BA_RegistrationDate, BA_AccountNumber, BA_BankName, BA_BranchName, BA_AccountType, BA_Currency, BA_AccountStatus, BA_VerificationStatus, BA_AccountHolderName, P_ID, P_DateOfBirth, IA_ID, IA_AccountOpenDate) VALUES ('BA003', TO_DATE('2018-10-07', 'YYYY-MM-DD'), 1122330002, 'Maybank', 'Main', 'Savings', 'MYR', 'Active', 'Verified', 'Aminah Wei', 'P013', TO_DATE('1971-11-21', 'YYYY-MM-DD'), 'IA003', TO_DATE('2016-05-12', 'YYYY-MM-DD'));
INSERT INTO BankAccount (BA_ID, BA_RegistrationDate, BA_AccountNumber, BA_BankName, BA_BranchName, BA_AccountType, BA_Currency, BA_AccountStatus, BA_VerificationStatus, BA_AccountHolderName, P_ID, P_DateOfBirth, IA_ID, IA_AccountOpenDate) VALUES ('BA004', TO_DATE('2018-08-02', 'YYYY-MM-DD'), 1122330003, 'Maybank', 'Main', 'Savings', 'MYR', 'Active', 'Verified', 'Devi Binti Osman', 'P014', TO_DATE('1965-06-05', 'YYYY-MM-DD'), 'IA004', TO_DATE('2020-03-18', 'YYYY-MM-DD'));
INSERT INTO BankAccount (BA_ID, BA_RegistrationDate, BA_AccountNumber, BA_BankName, BA_BranchName, BA_AccountType, BA_Currency, BA_AccountStatus, BA_VerificationStatus, BA_AccountHolderName, P_ID, P_DateOfBirth, IA_ID, IA_AccountOpenDate) VALUES ('BA005', TO_DATE('2021-01-21', 'YYYY-MM-DD'), 1122330004, 'Maybank', 'Main', 'Savings', 'MYR', 'Active', 'Verified', 'Muhammad Bin Abdullah', 'P015', TO_DATE('1970-04-08', 'YYYY-MM-DD'), 'IA005', TO_DATE('2021-04-08', 'YYYY-MM-DD'));
INSERT INTO BankAccount (BA_ID, BA_RegistrationDate, BA_AccountNumber, BA_BankName, BA_BranchName, BA_AccountType, BA_Currency, BA_AccountStatus, BA_VerificationStatus, BA_AccountHolderName, P_ID, P_DateOfBirth, IA_ID, IA_AccountOpenDate) VALUES ('BA006', TO_DATE('2015-11-27', 'YYYY-MM-DD'), 1122330005, 'Maybank', 'Main', 'Savings', 'MYR', 'Active', 'Verified', 'Mei Ling Wei', 'P016', TO_DATE('1992-06-12', 'YYYY-MM-DD'), 'IA006', TO_DATE('2023-06-21', 'YYYY-MM-DD'));
INSERT INTO BankAccount (BA_ID, BA_RegistrationDate, BA_AccountNumber, BA_BankName, BA_BranchName, BA_AccountType, BA_Currency, BA_AccountStatus, BA_VerificationStatus, BA_AccountHolderName, P_ID, P_DateOfBirth, IA_ID, IA_AccountOpenDate) VALUES ('BA007', TO_DATE('2016-07-20', 'YYYY-MM-DD'), 1122330006, 'Maybank', 'Main', 'Savings', 'MYR', 'Active', 'Verified', 'Kavitha Bin Hassan', 'P017', TO_DATE('1978-06-10', 'YYYY-MM-DD'), 'IA007', TO_DATE('2023-01-25', 'YYYY-MM-DD'));
INSERT INTO BankAccount (BA_ID, BA_RegistrationDate, BA_AccountNumber, BA_BankName, BA_BranchName, BA_AccountType, BA_Currency, BA_AccountStatus, BA_VerificationStatus, BA_AccountHolderName, P_ID, P_DateOfBirth, IA_ID, IA_AccountOpenDate) VALUES ('BA008', TO_DATE('2016-09-09', 'YYYY-MM-DD'), 1122330007, 'Maybank', 'Main', 'Savings', 'MYR', 'Active', 'Verified', 'Chong Kok', 'P018', TO_DATE('1984-01-21', 'YYYY-MM-DD'), 'IA008', TO_DATE('2021-02-22', 'YYYY-MM-DD'));
INSERT INTO BankAccount (BA_ID, BA_RegistrationDate, BA_AccountNumber, BA_BankName, BA_BranchName, BA_AccountType, BA_Currency, BA_AccountStatus, BA_VerificationStatus, BA_AccountHolderName, P_ID, P_DateOfBirth, IA_ID, IA_AccountOpenDate) VALUES ('BA009', TO_DATE('2017-08-05', 'YYYY-MM-DD'), 1122330008, 'Maybank', 'Main', 'Savings', 'MYR', 'Active', 'Verified', 'Lim Binti Razak', 'P019', TO_DATE('1962-04-08', 'YYYY-MM-DD'), 'IA009', TO_DATE('2023-05-05', 'YYYY-MM-DD'));
INSERT INTO BankAccount (BA_ID, BA_RegistrationDate, BA_AccountNumber, BA_BankName, BA_BranchName, BA_AccountType, BA_Currency, BA_AccountStatus, BA_VerificationStatus, BA_AccountHolderName, P_ID, P_DateOfBirth, IA_ID, IA_AccountOpenDate) VALUES ('BA010', TO_DATE('2019-04-18', 'YYYY-MM-DD'), 1122330009, 'Maybank', 'Main', 'Savings', 'MYR', 'Active', 'Verified', 'Lee Bin Hassan', 'P020', TO_DATE('2000-06-24', 'YYYY-MM-DD'), 'IA010', TO_DATE('2023-06-07', 'YYYY-MM-DD'));

-- Populating FundHolding
INSERT INTO FundHolding (FH_ID, FH_DateCreated, FH_UnitsOwned, FH_AverageCost, FH_CurrentValue, FH_TotalDividendEarned, FH_HoldingStatus, FH_LastUpdatedDate, FH_UnrealizedGain, FH_RealizedGain, I_ID, I_RegistrationDate, IA_ID, IA_AccountOpenDate, F_ID, F_Code) VALUES ('FH001', TO_DATE('2022-10-13', 'YYYY-MM-DD'), 2375.2474, 1.0000, 5000.0000, 500.0000, 'Active', TO_DATE('2023-04-20', 'YYYY-MM-DD'), 100.0000, 0.0000, 'I001', TO_DATE('2016-04-17', 'YYYY-MM-DD'), 'IA001', TO_DATE('2022-10-21', 'YYYY-MM-DD'), 'F001', 'FND01');
INSERT INTO FundHolding (FH_ID, FH_DateCreated, FH_UnitsOwned, FH_AverageCost, FH_CurrentValue, FH_TotalDividendEarned, FH_HoldingStatus, FH_LastUpdatedDate, FH_UnrealizedGain, FH_RealizedGain, I_ID, I_RegistrationDate, IA_ID, IA_AccountOpenDate, F_ID, F_Code) VALUES ('FH002', TO_DATE('2015-09-21', 'YYYY-MM-DD'), 4733.8111, 1.0000, 5000.0000, 500.0000, 'Active', TO_DATE('2023-06-19', 'YYYY-MM-DD'), 100.0000, 0.0000, 'I002', TO_DATE('2017-01-01', 'YYYY-MM-DD'), 'IA002', TO_DATE('2021-04-02', 'YYYY-MM-DD'), 'F002', 'FND02');
INSERT INTO FundHolding (FH_ID, FH_DateCreated, FH_UnitsOwned, FH_AverageCost, FH_CurrentValue, FH_TotalDividendEarned, FH_HoldingStatus, FH_LastUpdatedDate, FH_UnrealizedGain, FH_RealizedGain, I_ID, I_RegistrationDate, IA_ID, IA_AccountOpenDate, F_ID, F_Code) VALUES ('FH003', TO_DATE('2021-01-31', 'YYYY-MM-DD'), 5193.3187, 1.0000, 5000.0000, 500.0000, 'Active', TO_DATE('2023-02-01', 'YYYY-MM-DD'), 100.0000, 0.0000, 'I003', TO_DATE('2017-12-23', 'YYYY-MM-DD'), 'IA003', TO_DATE('2016-05-12', 'YYYY-MM-DD'), 'F003', 'FND03');
INSERT INTO FundHolding (FH_ID, FH_DateCreated, FH_UnitsOwned, FH_AverageCost, FH_CurrentValue, FH_TotalDividendEarned, FH_HoldingStatus, FH_LastUpdatedDate, FH_UnrealizedGain, FH_RealizedGain, I_ID, I_RegistrationDate, IA_ID, IA_AccountOpenDate, F_ID, F_Code) VALUES ('FH004', TO_DATE('2017-04-27', 'YYYY-MM-DD'), 8496.0205, 1.0000, 5000.0000, 500.0000, 'Active', TO_DATE('2023-07-19', 'YYYY-MM-DD'), 100.0000, 0.0000, 'I004', TO_DATE('2016-03-20', 'YYYY-MM-DD'), 'IA004', TO_DATE('2020-03-18', 'YYYY-MM-DD'), 'F004', 'FND04');
INSERT INTO FundHolding (FH_ID, FH_DateCreated, FH_UnitsOwned, FH_AverageCost, FH_CurrentValue, FH_TotalDividendEarned, FH_HoldingStatus, FH_LastUpdatedDate, FH_UnrealizedGain, FH_RealizedGain, I_ID, I_RegistrationDate, IA_ID, IA_AccountOpenDate, F_ID, F_Code) VALUES ('FH005', TO_DATE('2023-08-20', 'YYYY-MM-DD'), 6256.7147, 1.0000, 5000.0000, 500.0000, 'Active', TO_DATE('2023-12-23', 'YYYY-MM-DD'), 100.0000, 0.0000, 'I005', TO_DATE('2019-11-15', 'YYYY-MM-DD'), 'IA005', TO_DATE('2021-04-08', 'YYYY-MM-DD'), 'F005', 'FND05');
INSERT INTO FundHolding (FH_ID, FH_DateCreated, FH_UnitsOwned, FH_AverageCost, FH_CurrentValue, FH_TotalDividendEarned, FH_HoldingStatus, FH_LastUpdatedDate, FH_UnrealizedGain, FH_RealizedGain, I_ID, I_RegistrationDate, IA_ID, IA_AccountOpenDate, F_ID, F_Code) VALUES ('FH006', TO_DATE('2015-03-22', 'YYYY-MM-DD'), 8710.5883, 1.0000, 5000.0000, 500.0000, 'Active', TO_DATE('2023-10-22', 'YYYY-MM-DD'), 100.0000, 0.0000, 'I006', TO_DATE('2023-03-04', 'YYYY-MM-DD'), 'IA006', TO_DATE('2023-06-21', 'YYYY-MM-DD'), 'F006', 'FND06');
INSERT INTO FundHolding (FH_ID, FH_DateCreated, FH_UnitsOwned, FH_AverageCost, FH_CurrentValue, FH_TotalDividendEarned, FH_HoldingStatus, FH_LastUpdatedDate, FH_UnrealizedGain, FH_RealizedGain, I_ID, I_RegistrationDate, IA_ID, IA_AccountOpenDate, F_ID, F_Code) VALUES ('FH007', TO_DATE('2019-04-08', 'YYYY-MM-DD'), 5292.8176, 1.0000, 5000.0000, 500.0000, 'Active', TO_DATE('2023-06-30', 'YYYY-MM-DD'), 100.0000, 0.0000, 'I007', TO_DATE('2019-11-23', 'YYYY-MM-DD'), 'IA007', TO_DATE('2023-01-25', 'YYYY-MM-DD'), 'F007', 'FND07');
INSERT INTO FundHolding (FH_ID, FH_DateCreated, FH_UnitsOwned, FH_AverageCost, FH_CurrentValue, FH_TotalDividendEarned, FH_HoldingStatus, FH_LastUpdatedDate, FH_UnrealizedGain, FH_RealizedGain, I_ID, I_RegistrationDate, IA_ID, IA_AccountOpenDate, F_ID, F_Code) VALUES ('FH008', TO_DATE('2018-05-08', 'YYYY-MM-DD'), 7781.2761, 1.0000, 5000.0000, 500.0000, 'Active', TO_DATE('2023-08-03', 'YYYY-MM-DD'), 100.0000, 0.0000, 'I008', TO_DATE('2020-09-25', 'YYYY-MM-DD'), 'IA008', TO_DATE('2021-02-22', 'YYYY-MM-DD'), 'F008', 'FND08');
INSERT INTO FundHolding (FH_ID, FH_DateCreated, FH_UnitsOwned, FH_AverageCost, FH_CurrentValue, FH_TotalDividendEarned, FH_HoldingStatus, FH_LastUpdatedDate, FH_UnrealizedGain, FH_RealizedGain, I_ID, I_RegistrationDate, IA_ID, IA_AccountOpenDate, F_ID, F_Code) VALUES ('FH009', TO_DATE('2021-01-13', 'YYYY-MM-DD'), 7727.6410, 1.0000, 5000.0000, 500.0000, 'Active', TO_DATE('2023-10-07', 'YYYY-MM-DD'), 100.0000, 0.0000, 'I009', TO_DATE('2019-04-27', 'YYYY-MM-DD'), 'IA009', TO_DATE('2023-05-05', 'YYYY-MM-DD'), 'F009', 'FND09');
INSERT INTO FundHolding (FH_ID, FH_DateCreated, FH_UnitsOwned, FH_AverageCost, FH_CurrentValue, FH_TotalDividendEarned, FH_HoldingStatus, FH_LastUpdatedDate, FH_UnrealizedGain, FH_RealizedGain, I_ID, I_RegistrationDate, IA_ID, IA_AccountOpenDate, F_ID, F_Code) VALUES ('FH010', TO_DATE('2023-12-21', 'YYYY-MM-DD'), 6429.2733, 1.0000, 5000.0000, 500.0000, 'Active', TO_DATE('2023-04-23', 'YYYY-MM-DD'), 100.0000, 0.0000, 'I010', TO_DATE('2017-02-17', 'YYYY-MM-DD'), 'IA010', TO_DATE('2023-06-07', 'YYYY-MM-DD'), 'F010', 'FND10');

-- Populating Transaction
INSERT INTO Transaction (T_ID, T_Date, T_Amount, T_ReferenceNumber, T_Title, T_Time, T_ApprovalStatus, T_Currency, T_Remarks, T_PaymentMethod, I_ID, I_RegistrationDate, FH_ID, FH_DateCreated, E_ID, E_HireDate, F_ID, F_Code, IA_ID, IA_AccountOpenDate, OA_ID, OA_RegistrationDate) VALUES ('T001', TO_DATE('2023-09-07', 'YYYY-MM-DD'), 1175.1660, 'TXN557007', 'Fund Transaction', TO_TIMESTAMP('10:00:00', 'HH24:MI:SS'), 'Approved', 'MYR', 'Online', 'FPX', 'I001', TO_DATE('2016-04-17', 'YYYY-MM-DD'), 'FH001', TO_DATE('2022-10-13', 'YYYY-MM-DD'), 'E001', TO_DATE('2016-11-30', 'YYYY-MM-DD'), 'F001', 'FND01', 'IA001', TO_DATE('2022-10-21', 'YYYY-MM-DD'), 'OA001', TO_DATE('2023-07-29', 'YYYY-MM-DD'));
INSERT INTO Transaction (T_ID, T_Date, T_Amount, T_ReferenceNumber, T_Title, T_Time, T_ApprovalStatus, T_Currency, T_Remarks, T_PaymentMethod, I_ID, I_RegistrationDate, FH_ID, FH_DateCreated, E_ID, E_HireDate, F_ID, F_Code, IA_ID, IA_AccountOpenDate, OA_ID, OA_RegistrationDate) VALUES ('T002', TO_DATE('2023-09-06', 'YYYY-MM-DD'), 242.2216, 'TXN452457', 'Fund Transaction', TO_TIMESTAMP('10:00:00', 'HH24:MI:SS'), 'Approved', 'MYR', 'Online', 'FPX', 'I002', TO_DATE('2017-01-01', 'YYYY-MM-DD'), 'FH002', TO_DATE('2015-09-21', 'YYYY-MM-DD'), 'E002', TO_DATE('2015-08-07', 'YYYY-MM-DD'), 'F002', 'FND02', 'IA002', TO_DATE('2021-04-02', 'YYYY-MM-DD'), 'OA002', TO_DATE('2021-07-21', 'YYYY-MM-DD'));
INSERT INTO Transaction (T_ID, T_Date, T_Amount, T_ReferenceNumber, T_Title, T_Time, T_ApprovalStatus, T_Currency, T_Remarks, T_PaymentMethod, I_ID, I_RegistrationDate, FH_ID, FH_DateCreated, E_ID, E_HireDate, F_ID, F_Code, IA_ID, IA_AccountOpenDate, OA_ID, OA_RegistrationDate) VALUES ('T003', TO_DATE('2023-12-09', 'YYYY-MM-DD'), 3427.7952, 'TXN523956', 'Fund Transaction', TO_TIMESTAMP('10:00:00', 'HH24:MI:SS'), 'Approved', 'MYR', 'Online', 'FPX', 'I003', TO_DATE('2017-12-23', 'YYYY-MM-DD'), 'FH003', TO_DATE('2021-01-31', 'YYYY-MM-DD'), 'E003', TO_DATE('2013-06-20', 'YYYY-MM-DD'), 'F003', 'FND03', 'IA003', TO_DATE('2016-05-12', 'YYYY-MM-DD'), 'OA003', TO_DATE('2022-12-03', 'YYYY-MM-DD'));
INSERT INTO Transaction (T_ID, T_Date, T_Amount, T_ReferenceNumber, T_Title, T_Time, T_ApprovalStatus, T_Currency, T_Remarks, T_PaymentMethod, I_ID, I_RegistrationDate, FH_ID, FH_DateCreated, E_ID, E_HireDate, F_ID, F_Code, IA_ID, IA_AccountOpenDate, OA_ID, OA_RegistrationDate) VALUES ('T004', TO_DATE('2023-03-26', 'YYYY-MM-DD'), 4218.4777, 'TXN233827', 'Fund Transaction', TO_TIMESTAMP('10:00:00', 'HH24:MI:SS'), 'Approved', 'MYR', 'Online', 'FPX', 'I004', TO_DATE('2016-03-20', 'YYYY-MM-DD'), 'FH004', TO_DATE('2017-04-27', 'YYYY-MM-DD'), 'E004', TO_DATE('2010-07-23', 'YYYY-MM-DD'), 'F004', 'FND04', 'IA004', TO_DATE('2020-03-18', 'YYYY-MM-DD'), 'OA004', TO_DATE('2022-09-19', 'YYYY-MM-DD'));
INSERT INTO Transaction (T_ID, T_Date, T_Amount, T_ReferenceNumber, T_Title, T_Time, T_ApprovalStatus, T_Currency, T_Remarks, T_PaymentMethod, I_ID, I_RegistrationDate, FH_ID, FH_DateCreated, E_ID, E_HireDate, F_ID, F_Code, IA_ID, IA_AccountOpenDate, OA_ID, OA_RegistrationDate) VALUES ('T005', TO_DATE('2023-11-15', 'YYYY-MM-DD'), 2717.2058, 'TXN513160', 'Fund Transaction', TO_TIMESTAMP('10:00:00', 'HH24:MI:SS'), 'Approved', 'MYR', 'Online', 'FPX', 'I005', TO_DATE('2019-11-15', 'YYYY-MM-DD'), 'FH005', TO_DATE('2023-08-20', 'YYYY-MM-DD'), 'E005', TO_DATE('2015-07-26', 'YYYY-MM-DD'), 'F005', 'FND05', 'IA005', TO_DATE('2021-04-08', 'YYYY-MM-DD'), 'OA005', TO_DATE('2023-07-07', 'YYYY-MM-DD'));
INSERT INTO Transaction (T_ID, T_Date, T_Amount, T_ReferenceNumber, T_Title, T_Time, T_ApprovalStatus, T_Currency, T_Remarks, T_PaymentMethod, I_ID, I_RegistrationDate, FH_ID, FH_DateCreated, E_ID, E_HireDate, F_ID, F_Code, IA_ID, IA_AccountOpenDate, OA_ID, OA_RegistrationDate) VALUES ('T006', TO_DATE('2023-10-31', 'YYYY-MM-DD'), 2865.5207, 'TXN128418', 'Fund Transaction', TO_TIMESTAMP('10:00:00', 'HH24:MI:SS'), 'Approved', 'MYR', 'Online', 'FPX', 'I006', TO_DATE('2023-03-04', 'YYYY-MM-DD'), 'FH006', TO_DATE('2015-03-22', 'YYYY-MM-DD'), 'E006', TO_DATE('2018-07-31', 'YYYY-MM-DD'), 'F006', 'FND06', 'IA006', TO_DATE('2023-06-21', 'YYYY-MM-DD'), 'OA006', TO_DATE('2021-05-04', 'YYYY-MM-DD'));
INSERT INTO Transaction (T_ID, T_Date, T_Amount, T_ReferenceNumber, T_Title, T_Time, T_ApprovalStatus, T_Currency, T_Remarks, T_PaymentMethod, I_ID, I_RegistrationDate, FH_ID, FH_DateCreated, E_ID, E_HireDate, F_ID, F_Code, IA_ID, IA_AccountOpenDate, OA_ID, OA_RegistrationDate) VALUES ('T007', TO_DATE('2023-02-12', 'YYYY-MM-DD'), 3249.4733, 'TXN242291', 'Fund Transaction', TO_TIMESTAMP('10:00:00', 'HH24:MI:SS'), 'Approved', 'MYR', 'Online', 'FPX', 'I007', TO_DATE('2019-11-23', 'YYYY-MM-DD'), 'FH007', TO_DATE('2019-04-08', 'YYYY-MM-DD'), 'E007', TO_DATE('2020-04-28', 'YYYY-MM-DD'), 'F007', 'FND07', 'IA007', TO_DATE('2023-01-25', 'YYYY-MM-DD'), 'OA007', TO_DATE('2021-07-16', 'YYYY-MM-DD'));
INSERT INTO Transaction (T_ID, T_Date, T_Amount, T_ReferenceNumber, T_Title, T_Time, T_ApprovalStatus, T_Currency, T_Remarks, T_PaymentMethod, I_ID, I_RegistrationDate, FH_ID, FH_DateCreated, E_ID, E_HireDate, F_ID, F_Code, IA_ID, IA_AccountOpenDate, OA_ID, OA_RegistrationDate) VALUES ('T008', TO_DATE('2023-08-25', 'YYYY-MM-DD'), 990.4722, 'TXN372793', 'Fund Transaction', TO_TIMESTAMP('10:00:00', 'HH24:MI:SS'), 'Approved', 'MYR', 'Online', 'FPX', 'I008', TO_DATE('2020-09-25', 'YYYY-MM-DD'), 'FH008', TO_DATE('2018-05-08', 'YYYY-MM-DD'), 'E008', TO_DATE('2010-07-13', 'YYYY-MM-DD'), 'F008', 'FND08', 'IA008', TO_DATE('2021-02-22', 'YYYY-MM-DD'), 'OA008', TO_DATE('2022-06-19', 'YYYY-MM-DD'));
INSERT INTO Transaction (T_ID, T_Date, T_Amount, T_ReferenceNumber, T_Title, T_Time, T_ApprovalStatus, T_Currency, T_Remarks, T_PaymentMethod, I_ID, I_RegistrationDate, FH_ID, FH_DateCreated, E_ID, E_HireDate, F_ID, F_Code, IA_ID, IA_AccountOpenDate, OA_ID, OA_RegistrationDate) VALUES ('T009', TO_DATE('2023-07-14', 'YYYY-MM-DD'), 1704.0281, 'TXN576786', 'Fund Transaction', TO_TIMESTAMP('10:00:00', 'HH24:MI:SS'), 'Approved', 'MYR', 'Online', 'FPX', 'I009', TO_DATE('2019-04-27', 'YYYY-MM-DD'), 'FH009', TO_DATE('2021-01-13', 'YYYY-MM-DD'), 'E009', TO_DATE('2016-04-01', 'YYYY-MM-DD'), 'F009', 'FND09', 'IA009', TO_DATE('2023-05-05', 'YYYY-MM-DD'), 'OA009', TO_DATE('2020-06-07', 'YYYY-MM-DD'));
INSERT INTO Transaction (T_ID, T_Date, T_Amount, T_ReferenceNumber, T_Title, T_Time, T_ApprovalStatus, T_Currency, T_Remarks, T_PaymentMethod, I_ID, I_RegistrationDate, FH_ID, FH_DateCreated, E_ID, E_HireDate, F_ID, F_Code, IA_ID, IA_AccountOpenDate, OA_ID, OA_RegistrationDate) VALUES ('T010', TO_DATE('2023-06-17', 'YYYY-MM-DD'), 1753.7527, 'TXN497542', 'Fund Transaction', TO_TIMESTAMP('10:00:00', 'HH24:MI:SS'), 'Approved', 'MYR', 'Online', 'FPX', 'I010', TO_DATE('2017-02-17', 'YYYY-MM-DD'), 'FH010', TO_DATE('2023-12-21', 'YYYY-MM-DD'), 'E010', TO_DATE('2018-12-19', 'YYYY-MM-DD'), 'F010', 'FND10', 'IA010', TO_DATE('2023-06-07', 'YYYY-MM-DD'), 'OA010', TO_DATE('2021-08-08', 'YYYY-MM-DD'));
INSERT INTO Transaction (T_ID, T_Date, T_Amount, T_ReferenceNumber, T_Title, T_Time, T_ApprovalStatus, T_Currency, T_Remarks, T_PaymentMethod, I_ID, I_RegistrationDate, FH_ID, FH_DateCreated, E_ID, E_HireDate, F_ID, F_Code, IA_ID, IA_AccountOpenDate, OA_ID, OA_RegistrationDate) VALUES ('T011', TO_DATE('2023-05-23', 'YYYY-MM-DD'), 3784.8481, 'TXN972335', 'Fund Transaction', TO_TIMESTAMP('10:00:00', 'HH24:MI:SS'), 'Approved', 'MYR', 'Online', 'FPX', 'I001', TO_DATE('2016-04-17', 'YYYY-MM-DD'), 'FH001', TO_DATE('2022-10-13', 'YYYY-MM-DD'), 'E001', TO_DATE('2016-11-30', 'YYYY-MM-DD'), 'F001', 'FND01', 'IA001', TO_DATE('2022-10-21', 'YYYY-MM-DD'), 'OA001', TO_DATE('2023-07-29', 'YYYY-MM-DD'));
INSERT INTO Transaction (T_ID, T_Date, T_Amount, T_ReferenceNumber, T_Title, T_Time, T_ApprovalStatus, T_Currency, T_Remarks, T_PaymentMethod, I_ID, I_RegistrationDate, FH_ID, FH_DateCreated, E_ID, E_HireDate, F_ID, F_Code, IA_ID, IA_AccountOpenDate, OA_ID, OA_RegistrationDate) VALUES ('T012', TO_DATE('2023-08-04', 'YYYY-MM-DD'), 1336.1305, 'TXN185884', 'Fund Transaction', TO_TIMESTAMP('10:00:00', 'HH24:MI:SS'), 'Approved', 'MYR', 'Online', 'FPX', 'I002', TO_DATE('2017-01-01', 'YYYY-MM-DD'), 'FH002', TO_DATE('2015-09-21', 'YYYY-MM-DD'), 'E002', TO_DATE('2015-08-07', 'YYYY-MM-DD'), 'F002', 'FND02', 'IA002', TO_DATE('2021-04-02', 'YYYY-MM-DD'), 'OA002', TO_DATE('2021-07-21', 'YYYY-MM-DD'));
INSERT INTO Transaction (T_ID, T_Date, T_Amount, T_ReferenceNumber, T_Title, T_Time, T_ApprovalStatus, T_Currency, T_Remarks, T_PaymentMethod, I_ID, I_RegistrationDate, FH_ID, FH_DateCreated, E_ID, E_HireDate, F_ID, F_Code, IA_ID, IA_AccountOpenDate, OA_ID, OA_RegistrationDate) VALUES ('T013', TO_DATE('2023-08-29', 'YYYY-MM-DD'), 194.9781, 'TXN665621', 'Fund Transaction', TO_TIMESTAMP('10:00:00', 'HH24:MI:SS'), 'Approved', 'MYR', 'Online', 'FPX', 'I003', TO_DATE('2017-12-23', 'YYYY-MM-DD'), 'FH003', TO_DATE('2021-01-31', 'YYYY-MM-DD'), 'E003', TO_DATE('2013-06-20', 'YYYY-MM-DD'), 'F003', 'FND03', 'IA003', TO_DATE('2016-05-12', 'YYYY-MM-DD'), 'OA003', TO_DATE('2022-12-03', 'YYYY-MM-DD'));
INSERT INTO Transaction (T_ID, T_Date, T_Amount, T_ReferenceNumber, T_Title, T_Time, T_ApprovalStatus, T_Currency, T_Remarks, T_PaymentMethod, I_ID, I_RegistrationDate, FH_ID, FH_DateCreated, E_ID, E_HireDate, F_ID, F_Code, IA_ID, IA_AccountOpenDate, OA_ID, OA_RegistrationDate) VALUES ('T014', TO_DATE('2023-01-27', 'YYYY-MM-DD'), 4999.5484, 'TXN466960', 'Fund Transaction', TO_TIMESTAMP('10:00:00', 'HH24:MI:SS'), 'Approved', 'MYR', 'Online', 'FPX', 'I004', TO_DATE('2016-03-20', 'YYYY-MM-DD'), 'FH004', TO_DATE('2017-04-27', 'YYYY-MM-DD'), 'E004', TO_DATE('2010-07-23', 'YYYY-MM-DD'), 'F004', 'FND04', 'IA004', TO_DATE('2020-03-18', 'YYYY-MM-DD'), 'OA004', TO_DATE('2022-09-19', 'YYYY-MM-DD'));
INSERT INTO Transaction (T_ID, T_Date, T_Amount, T_ReferenceNumber, T_Title, T_Time, T_ApprovalStatus, T_Currency, T_Remarks, T_PaymentMethod, I_ID, I_RegistrationDate, FH_ID, FH_DateCreated, E_ID, E_HireDate, F_ID, F_Code, IA_ID, IA_AccountOpenDate, OA_ID, OA_RegistrationDate) VALUES ('T015', TO_DATE('2023-04-25', 'YYYY-MM-DD'), 3285.7061, 'TXN919182', 'Fund Transaction', TO_TIMESTAMP('10:00:00', 'HH24:MI:SS'), 'Approved', 'MYR', 'Online', 'FPX', 'I005', TO_DATE('2019-11-15', 'YYYY-MM-DD'), 'FH005', TO_DATE('2023-08-20', 'YYYY-MM-DD'), 'E005', TO_DATE('2015-07-26', 'YYYY-MM-DD'), 'F005', 'FND05', 'IA005', TO_DATE('2021-04-08', 'YYYY-MM-DD'), 'OA005', TO_DATE('2023-07-07', 'YYYY-MM-DD'));
INSERT INTO Transaction (T_ID, T_Date, T_Amount, T_ReferenceNumber, T_Title, T_Time, T_ApprovalStatus, T_Currency, T_Remarks, T_PaymentMethod, I_ID, I_RegistrationDate, FH_ID, FH_DateCreated, E_ID, E_HireDate, F_ID, F_Code, IA_ID, IA_AccountOpenDate, OA_ID, OA_RegistrationDate) VALUES ('T016', TO_DATE('2023-11-30', 'YYYY-MM-DD'), 297.2649, 'TXN132537', 'Fund Transaction', TO_TIMESTAMP('10:00:00', 'HH24:MI:SS'), 'Approved', 'MYR', 'Online', 'FPX', 'I006', TO_DATE('2023-03-04', 'YYYY-MM-DD'), 'FH006', TO_DATE('2015-03-22', 'YYYY-MM-DD'), 'E006', TO_DATE('2018-07-31', 'YYYY-MM-DD'), 'F006', 'FND06', 'IA006', TO_DATE('2023-06-21', 'YYYY-MM-DD'), 'OA006', TO_DATE('2021-05-04', 'YYYY-MM-DD'));
INSERT INTO Transaction (T_ID, T_Date, T_Amount, T_ReferenceNumber, T_Title, T_Time, T_ApprovalStatus, T_Currency, T_Remarks, T_PaymentMethod, I_ID, I_RegistrationDate, FH_ID, FH_DateCreated, E_ID, E_HireDate, F_ID, F_Code, IA_ID, IA_AccountOpenDate, OA_ID, OA_RegistrationDate) VALUES ('T017', TO_DATE('2023-05-07', 'YYYY-MM-DD'), 1076.8673, 'TXN121369', 'Fund Transaction', TO_TIMESTAMP('10:00:00', 'HH24:MI:SS'), 'Approved', 'MYR', 'Online', 'FPX', 'I007', TO_DATE('2019-11-23', 'YYYY-MM-DD'), 'FH007', TO_DATE('2019-04-08', 'YYYY-MM-DD'), 'E007', TO_DATE('2020-04-28', 'YYYY-MM-DD'), 'F007', 'FND07', 'IA007', TO_DATE('2023-01-25', 'YYYY-MM-DD'), 'OA007', TO_DATE('2021-07-16', 'YYYY-MM-DD'));
INSERT INTO Transaction (T_ID, T_Date, T_Amount, T_ReferenceNumber, T_Title, T_Time, T_ApprovalStatus, T_Currency, T_Remarks, T_PaymentMethod, I_ID, I_RegistrationDate, FH_ID, FH_DateCreated, E_ID, E_HireDate, F_ID, F_Code, IA_ID, IA_AccountOpenDate, OA_ID, OA_RegistrationDate) VALUES ('T018', TO_DATE('2023-11-15', 'YYYY-MM-DD'), 846.6735, 'TXN232352', 'Fund Transaction', TO_TIMESTAMP('10:00:00', 'HH24:MI:SS'), 'Approved', 'MYR', 'Online', 'FPX', 'I008', TO_DATE('2020-09-25', 'YYYY-MM-DD'), 'FH008', TO_DATE('2018-05-08', 'YYYY-MM-DD'), 'E008', TO_DATE('2010-07-13', 'YYYY-MM-DD'), 'F008', 'FND08', 'IA008', TO_DATE('2021-02-22', 'YYYY-MM-DD'), 'OA008', TO_DATE('2022-06-19', 'YYYY-MM-DD'));
INSERT INTO Transaction (T_ID, T_Date, T_Amount, T_ReferenceNumber, T_Title, T_Time, T_ApprovalStatus, T_Currency, T_Remarks, T_PaymentMethod, I_ID, I_RegistrationDate, FH_ID, FH_DateCreated, E_ID, E_HireDate, F_ID, F_Code, IA_ID, IA_AccountOpenDate, OA_ID, OA_RegistrationDate) VALUES ('T019', TO_DATE('2023-08-31', 'YYYY-MM-DD'), 3380.3483, 'TXN691364', 'Fund Transaction', TO_TIMESTAMP('10:00:00', 'HH24:MI:SS'), 'Approved', 'MYR', 'Online', 'FPX', 'I009', TO_DATE('2019-04-27', 'YYYY-MM-DD'), 'FH009', TO_DATE('2021-01-13', 'YYYY-MM-DD'), 'E009', TO_DATE('2016-04-01', 'YYYY-MM-DD'), 'F009', 'FND09', 'IA009', TO_DATE('2023-05-05', 'YYYY-MM-DD'), 'OA009', TO_DATE('2020-06-07', 'YYYY-MM-DD'));
INSERT INTO Transaction (T_ID, T_Date, T_Amount, T_ReferenceNumber, T_Title, T_Time, T_ApprovalStatus, T_Currency, T_Remarks, T_PaymentMethod, I_ID, I_RegistrationDate, FH_ID, FH_DateCreated, E_ID, E_HireDate, F_ID, F_Code, IA_ID, IA_AccountOpenDate, OA_ID, OA_RegistrationDate) VALUES ('T020', TO_DATE('2023-04-22', 'YYYY-MM-DD'), 2378.6665, 'TXN368690', 'Fund Transaction', TO_TIMESTAMP('10:00:00', 'HH24:MI:SS'), 'Approved', 'MYR', 'Online', 'FPX', 'I010', TO_DATE('2017-02-17', 'YYYY-MM-DD'), 'FH010', TO_DATE('2023-12-21', 'YYYY-MM-DD'), 'E010', TO_DATE('2018-12-19', 'YYYY-MM-DD'), 'F010', 'FND10', 'IA010', TO_DATE('2023-06-07', 'YYYY-MM-DD'), 'OA010', TO_DATE('2021-08-08', 'YYYY-MM-DD'));
INSERT INTO Transaction (T_ID, T_Date, T_Amount, T_ReferenceNumber, T_Title, T_Time, T_ApprovalStatus, T_Currency, T_Remarks, T_PaymentMethod, I_ID, I_RegistrationDate, FH_ID, FH_DateCreated, E_ID, E_HireDate, F_ID, F_Code, IA_ID, IA_AccountOpenDate, OA_ID, OA_RegistrationDate) VALUES ('T021', TO_DATE('2023-07-08', 'YYYY-MM-DD'), 922.1668, 'TXN736745', 'Fund Transaction', TO_TIMESTAMP('10:00:00', 'HH24:MI:SS'), 'Approved', 'MYR', 'Online', 'FPX', 'I001', TO_DATE('2016-04-17', 'YYYY-MM-DD'), 'FH001', TO_DATE('2022-10-13', 'YYYY-MM-DD'), 'E001', TO_DATE('2016-11-30', 'YYYY-MM-DD'), 'F001', 'FND01', 'IA001', TO_DATE('2022-10-21', 'YYYY-MM-DD'), 'OA001', TO_DATE('2023-07-29', 'YYYY-MM-DD'));
INSERT INTO Transaction (T_ID, T_Date, T_Amount, T_ReferenceNumber, T_Title, T_Time, T_ApprovalStatus, T_Currency, T_Remarks, T_PaymentMethod, I_ID, I_RegistrationDate, FH_ID, FH_DateCreated, E_ID, E_HireDate, F_ID, F_Code, IA_ID, IA_AccountOpenDate, OA_ID, OA_RegistrationDate) VALUES ('T022', TO_DATE('2023-02-28', 'YYYY-MM-DD'), 3911.1802, 'TXN271720', 'Fund Transaction', TO_TIMESTAMP('10:00:00', 'HH24:MI:SS'), 'Approved', 'MYR', 'Online', 'FPX', 'I002', TO_DATE('2017-01-01', 'YYYY-MM-DD'), 'FH002', TO_DATE('2015-09-21', 'YYYY-MM-DD'), 'E002', TO_DATE('2015-08-07', 'YYYY-MM-DD'), 'F002', 'FND02', 'IA002', TO_DATE('2021-04-02', 'YYYY-MM-DD'), 'OA002', TO_DATE('2021-07-21', 'YYYY-MM-DD'));
INSERT INTO Transaction (T_ID, T_Date, T_Amount, T_ReferenceNumber, T_Title, T_Time, T_ApprovalStatus, T_Currency, T_Remarks, T_PaymentMethod, I_ID, I_RegistrationDate, FH_ID, FH_DateCreated, E_ID, E_HireDate, F_ID, F_Code, IA_ID, IA_AccountOpenDate, OA_ID, OA_RegistrationDate) VALUES ('T023', TO_DATE('2023-06-09', 'YYYY-MM-DD'), 629.6839, 'TXN126925', 'Fund Transaction', TO_TIMESTAMP('10:00:00', 'HH24:MI:SS'), 'Approved', 'MYR', 'Online', 'FPX', 'I003', TO_DATE('2017-12-23', 'YYYY-MM-DD'), 'FH003', TO_DATE('2021-01-31', 'YYYY-MM-DD'), 'E003', TO_DATE('2013-06-20', 'YYYY-MM-DD'), 'F003', 'FND03', 'IA003', TO_DATE('2016-05-12', 'YYYY-MM-DD'), 'OA003', TO_DATE('2022-12-03', 'YYYY-MM-DD'));
INSERT INTO Transaction (T_ID, T_Date, T_Amount, T_ReferenceNumber, T_Title, T_Time, T_ApprovalStatus, T_Currency, T_Remarks, T_PaymentMethod, I_ID, I_RegistrationDate, FH_ID, FH_DateCreated, E_ID, E_HireDate, F_ID, F_Code, IA_ID, IA_AccountOpenDate, OA_ID, OA_RegistrationDate) VALUES ('T024', TO_DATE('2023-06-09', 'YYYY-MM-DD'), 2921.4040, 'TXN493537', 'Fund Transaction', TO_TIMESTAMP('10:00:00', 'HH24:MI:SS'), 'Approved', 'MYR', 'Online', 'FPX', 'I004', TO_DATE('2016-03-20', 'YYYY-MM-DD'), 'FH004', TO_DATE('2017-04-27', 'YYYY-MM-DD'), 'E004', TO_DATE('2010-07-23', 'YYYY-MM-DD'), 'F004', 'FND04', 'IA004', TO_DATE('2020-03-18', 'YYYY-MM-DD'), 'OA004', TO_DATE('2022-09-19', 'YYYY-MM-DD'));
INSERT INTO Transaction (T_ID, T_Date, T_Amount, T_ReferenceNumber, T_Title, T_Time, T_ApprovalStatus, T_Currency, T_Remarks, T_PaymentMethod, I_ID, I_RegistrationDate, FH_ID, FH_DateCreated, E_ID, E_HireDate, F_ID, F_Code, IA_ID, IA_AccountOpenDate, OA_ID, OA_RegistrationDate) VALUES ('T025', TO_DATE('2023-07-23', 'YYYY-MM-DD'), 4713.2059, 'TXN307963', 'Fund Transaction', TO_TIMESTAMP('10:00:00', 'HH24:MI:SS'), 'Approved', 'MYR', 'Online', 'FPX', 'I005', TO_DATE('2019-11-15', 'YYYY-MM-DD'), 'FH005', TO_DATE('2023-08-20', 'YYYY-MM-DD'), 'E005', TO_DATE('2015-07-26', 'YYYY-MM-DD'), 'F005', 'FND05', 'IA005', TO_DATE('2021-04-08', 'YYYY-MM-DD'), 'OA005', TO_DATE('2023-07-07', 'YYYY-MM-DD'));
INSERT INTO Transaction (T_ID, T_Date, T_Amount, T_ReferenceNumber, T_Title, T_Time, T_ApprovalStatus, T_Currency, T_Remarks, T_PaymentMethod, I_ID, I_RegistrationDate, FH_ID, FH_DateCreated, E_ID, E_HireDate, F_ID, F_Code, IA_ID, IA_AccountOpenDate, OA_ID, OA_RegistrationDate) VALUES ('T026', TO_DATE('2023-02-08', 'YYYY-MM-DD'), 3001.2795, 'TXN970917', 'Fund Transaction', TO_TIMESTAMP('10:00:00', 'HH24:MI:SS'), 'Approved', 'MYR', 'Online', 'FPX', 'I006', TO_DATE('2023-03-04', 'YYYY-MM-DD'), 'FH006', TO_DATE('2015-03-22', 'YYYY-MM-DD'), 'E006', TO_DATE('2018-07-31', 'YYYY-MM-DD'), 'F006', 'FND06', 'IA006', TO_DATE('2023-06-21', 'YYYY-MM-DD'), 'OA006', TO_DATE('2021-05-04', 'YYYY-MM-DD'));
INSERT INTO Transaction (T_ID, T_Date, T_Amount, T_ReferenceNumber, T_Title, T_Time, T_ApprovalStatus, T_Currency, T_Remarks, T_PaymentMethod, I_ID, I_RegistrationDate, FH_ID, FH_DateCreated, E_ID, E_HireDate, F_ID, F_Code, IA_ID, IA_AccountOpenDate, OA_ID, OA_RegistrationDate) VALUES ('T027', TO_DATE('2023-11-18', 'YYYY-MM-DD'), 1289.9620, 'TXN831059', 'Fund Transaction', TO_TIMESTAMP('10:00:00', 'HH24:MI:SS'), 'Approved', 'MYR', 'Online', 'FPX', 'I007', TO_DATE('2019-11-23', 'YYYY-MM-DD'), 'FH007', TO_DATE('2019-04-08', 'YYYY-MM-DD'), 'E007', TO_DATE('2020-04-28', 'YYYY-MM-DD'), 'F007', 'FND07', 'IA007', TO_DATE('2023-01-25', 'YYYY-MM-DD'), 'OA007', TO_DATE('2021-07-16', 'YYYY-MM-DD'));
INSERT INTO Transaction (T_ID, T_Date, T_Amount, T_ReferenceNumber, T_Title, T_Time, T_ApprovalStatus, T_Currency, T_Remarks, T_PaymentMethod, I_ID, I_RegistrationDate, FH_ID, FH_DateCreated, E_ID, E_HireDate, F_ID, F_Code, IA_ID, IA_AccountOpenDate, OA_ID, OA_RegistrationDate) VALUES ('T028', TO_DATE('2023-06-04', 'YYYY-MM-DD'), 4266.4369, 'TXN729577', 'Fund Transaction', TO_TIMESTAMP('10:00:00', 'HH24:MI:SS'), 'Approved', 'MYR', 'Online', 'FPX', 'I008', TO_DATE('2020-09-25', 'YYYY-MM-DD'), 'FH008', TO_DATE('2018-05-08', 'YYYY-MM-DD'), 'E008', TO_DATE('2010-07-13', 'YYYY-MM-DD'), 'F008', 'FND08', 'IA008', TO_DATE('2021-02-22', 'YYYY-MM-DD'), 'OA008', TO_DATE('2022-06-19', 'YYYY-MM-DD'));
INSERT INTO Transaction (T_ID, T_Date, T_Amount, T_ReferenceNumber, T_Title, T_Time, T_ApprovalStatus, T_Currency, T_Remarks, T_PaymentMethod, I_ID, I_RegistrationDate, FH_ID, FH_DateCreated, E_ID, E_HireDate, F_ID, F_Code, IA_ID, IA_AccountOpenDate, OA_ID, OA_RegistrationDate) VALUES ('T029', TO_DATE('2023-03-03', 'YYYY-MM-DD'), 4001.5134, 'TXN693423', 'Fund Transaction', TO_TIMESTAMP('10:00:00', 'HH24:MI:SS'), 'Approved', 'MYR', 'Online', 'FPX', 'I009', TO_DATE('2019-04-27', 'YYYY-MM-DD'), 'FH009', TO_DATE('2021-01-13', 'YYYY-MM-DD'), 'E009', TO_DATE('2016-04-01', 'YYYY-MM-DD'), 'F009', 'FND09', 'IA009', TO_DATE('2023-05-05', 'YYYY-MM-DD'), 'OA009', TO_DATE('2020-06-07', 'YYYY-MM-DD'));
INSERT INTO Transaction (T_ID, T_Date, T_Amount, T_ReferenceNumber, T_Title, T_Time, T_ApprovalStatus, T_Currency, T_Remarks, T_PaymentMethod, I_ID, I_RegistrationDate, FH_ID, FH_DateCreated, E_ID, E_HireDate, F_ID, F_Code, IA_ID, IA_AccountOpenDate, OA_ID, OA_RegistrationDate) VALUES ('T030', TO_DATE('2023-01-22', 'YYYY-MM-DD'), 1801.2985, 'TXN549186', 'Fund Transaction', TO_TIMESTAMP('10:00:00', 'HH24:MI:SS'), 'Approved', 'MYR', 'Online', 'FPX', 'I010', TO_DATE('2017-02-17', 'YYYY-MM-DD'), 'FH010', TO_DATE('2023-12-21', 'YYYY-MM-DD'), 'E010', TO_DATE('2018-12-19', 'YYYY-MM-DD'), 'F010', 'FND10', 'IA010', TO_DATE('2023-06-07', 'YYYY-MM-DD'), 'OA010', TO_DATE('2021-08-08', 'YYYY-MM-DD'));

-- Populating PurchaseTransaction
INSERT INTO PurchaseTransaction (PT_PurchaseID, PT_PurchaseDate, PT_UnitsPurchased, PT_UnitPrice, PT_UnitPriceDate, PT_PurchaseAmount, PT_PurchaseMethod, PT_PurchaseType, PT_SalesCharge, PT_AllocationDate, T_ID, T_Date) VALUES ('PT001', TO_DATE('2023-09-07', 'YYYY-MM-DD'), 1175.1660, 1.0000, TO_DATE('2023-09-07', 'YYYY-MM-DD'), 1175.1660, 'FPX', 'Initial', 0.0000, TO_DATE('2023-12-05', 'YYYY-MM-DD'), 'T001', TO_DATE('2023-09-07', 'YYYY-MM-DD'));
INSERT INTO PurchaseTransaction (PT_PurchaseID, PT_PurchaseDate, PT_UnitsPurchased, PT_UnitPrice, PT_UnitPriceDate, PT_PurchaseAmount, PT_PurchaseMethod, PT_PurchaseType, PT_SalesCharge, PT_AllocationDate, T_ID, T_Date) VALUES ('PT002', TO_DATE('2023-09-06', 'YYYY-MM-DD'), 242.2216, 1.0000, TO_DATE('2023-09-06', 'YYYY-MM-DD'), 242.2216, 'FPX', 'Initial', 0.0000, TO_DATE('2023-07-09', 'YYYY-MM-DD'), 'T002', TO_DATE('2023-09-06', 'YYYY-MM-DD'));
INSERT INTO PurchaseTransaction (PT_PurchaseID, PT_PurchaseDate, PT_UnitsPurchased, PT_UnitPrice, PT_UnitPriceDate, PT_PurchaseAmount, PT_PurchaseMethod, PT_PurchaseType, PT_SalesCharge, PT_AllocationDate, T_ID, T_Date) VALUES ('PT003', TO_DATE('2023-12-09', 'YYYY-MM-DD'), 3427.7952, 1.0000, TO_DATE('2023-12-09', 'YYYY-MM-DD'), 3427.7952, 'FPX', 'Initial', 0.0000, TO_DATE('2023-02-05', 'YYYY-MM-DD'), 'T003', TO_DATE('2023-12-09', 'YYYY-MM-DD'));
INSERT INTO PurchaseTransaction (PT_PurchaseID, PT_PurchaseDate, PT_UnitsPurchased, PT_UnitPrice, PT_UnitPriceDate, PT_PurchaseAmount, PT_PurchaseMethod, PT_PurchaseType, PT_SalesCharge, PT_AllocationDate, T_ID, T_Date) VALUES ('PT004', TO_DATE('2023-03-26', 'YYYY-MM-DD'), 4218.4777, 1.0000, TO_DATE('2023-03-26', 'YYYY-MM-DD'), 4218.4777, 'FPX', 'Initial', 0.0000, TO_DATE('2023-09-17', 'YYYY-MM-DD'), 'T004', TO_DATE('2023-03-26', 'YYYY-MM-DD'));
INSERT INTO PurchaseTransaction (PT_PurchaseID, PT_PurchaseDate, PT_UnitsPurchased, PT_UnitPrice, PT_UnitPriceDate, PT_PurchaseAmount, PT_PurchaseMethod, PT_PurchaseType, PT_SalesCharge, PT_AllocationDate, T_ID, T_Date) VALUES ('PT005', TO_DATE('2023-11-15', 'YYYY-MM-DD'), 2717.2058, 1.0000, TO_DATE('2023-11-15', 'YYYY-MM-DD'), 2717.2058, 'FPX', 'Initial', 0.0000, TO_DATE('2023-11-28', 'YYYY-MM-DD'), 'T005', TO_DATE('2023-11-15', 'YYYY-MM-DD'));
INSERT INTO PurchaseTransaction (PT_PurchaseID, PT_PurchaseDate, PT_UnitsPurchased, PT_UnitPrice, PT_UnitPriceDate, PT_PurchaseAmount, PT_PurchaseMethod, PT_PurchaseType, PT_SalesCharge, PT_AllocationDate, T_ID, T_Date) VALUES ('PT006', TO_DATE('2023-10-31', 'YYYY-MM-DD'), 2865.5207, 1.0000, TO_DATE('2023-10-31', 'YYYY-MM-DD'), 2865.5207, 'FPX', 'Initial', 0.0000, TO_DATE('2023-06-24', 'YYYY-MM-DD'), 'T006', TO_DATE('2023-10-31', 'YYYY-MM-DD'));
INSERT INTO PurchaseTransaction (PT_PurchaseID, PT_PurchaseDate, PT_UnitsPurchased, PT_UnitPrice, PT_UnitPriceDate, PT_PurchaseAmount, PT_PurchaseMethod, PT_PurchaseType, PT_SalesCharge, PT_AllocationDate, T_ID, T_Date) VALUES ('PT007', TO_DATE('2023-02-12', 'YYYY-MM-DD'), 3249.4733, 1.0000, TO_DATE('2023-02-12', 'YYYY-MM-DD'), 3249.4733, 'FPX', 'Initial', 0.0000, TO_DATE('2023-01-07', 'YYYY-MM-DD'), 'T007', TO_DATE('2023-02-12', 'YYYY-MM-DD'));
INSERT INTO PurchaseTransaction (PT_PurchaseID, PT_PurchaseDate, PT_UnitsPurchased, PT_UnitPrice, PT_UnitPriceDate, PT_PurchaseAmount, PT_PurchaseMethod, PT_PurchaseType, PT_SalesCharge, PT_AllocationDate, T_ID, T_Date) VALUES ('PT008', TO_DATE('2023-08-25', 'YYYY-MM-DD'), 990.4722, 1.0000, TO_DATE('2023-08-25', 'YYYY-MM-DD'), 990.4722, 'FPX', 'Initial', 0.0000, TO_DATE('2023-08-04', 'YYYY-MM-DD'), 'T008', TO_DATE('2023-08-25', 'YYYY-MM-DD'));
INSERT INTO PurchaseTransaction (PT_PurchaseID, PT_PurchaseDate, PT_UnitsPurchased, PT_UnitPrice, PT_UnitPriceDate, PT_PurchaseAmount, PT_PurchaseMethod, PT_PurchaseType, PT_SalesCharge, PT_AllocationDate, T_ID, T_Date) VALUES ('PT009', TO_DATE('2023-07-14', 'YYYY-MM-DD'), 1704.0281, 1.0000, TO_DATE('2023-07-14', 'YYYY-MM-DD'), 1704.0281, 'FPX', 'Initial', 0.0000, TO_DATE('2023-09-08', 'YYYY-MM-DD'), 'T009', TO_DATE('2023-07-14', 'YYYY-MM-DD'));
INSERT INTO PurchaseTransaction (PT_PurchaseID, PT_PurchaseDate, PT_UnitsPurchased, PT_UnitPrice, PT_UnitPriceDate, PT_PurchaseAmount, PT_PurchaseMethod, PT_PurchaseType, PT_SalesCharge, PT_AllocationDate, T_ID, T_Date) VALUES ('PT010', TO_DATE('2023-06-17', 'YYYY-MM-DD'), 1753.7527, 1.0000, TO_DATE('2023-06-17', 'YYYY-MM-DD'), 1753.7527, 'FPX', 'Initial', 0.0000, TO_DATE('2023-02-24', 'YYYY-MM-DD'), 'T010', TO_DATE('2023-06-17', 'YYYY-MM-DD'));

-- Populating RedemptionTransaction
INSERT INTO RedemptionTransaction (RT_RedemptionID, RT_RedemptionDate, RT_UnitsRedeemed, RT_RedemptionPrice, RT_RedemptionAmount, RT_RedemptionReason, RT_EarlyRedemptionFlag, RT_ExitFee, RT_SettlementDate, RT_RemainingUnits, T_ID, T_Date) VALUES ('RT001', TO_DATE('2023-05-23', 'YYYY-MM-DD'), 3784.8481, 1.0000, 3784.8481, 'Personal', 'N', 0.0000, TO_DATE('2023-08-10', 'YYYY-MM-DD'), 1000.0000, 'T011', TO_DATE('2023-05-23', 'YYYY-MM-DD'));
INSERT INTO RedemptionTransaction (RT_RedemptionID, RT_RedemptionDate, RT_UnitsRedeemed, RT_RedemptionPrice, RT_RedemptionAmount, RT_RedemptionReason, RT_EarlyRedemptionFlag, RT_ExitFee, RT_SettlementDate, RT_RemainingUnits, T_ID, T_Date) VALUES ('RT002', TO_DATE('2023-08-04', 'YYYY-MM-DD'), 1336.1305, 1.0000, 1336.1305, 'Personal', 'N', 0.0000, TO_DATE('2023-07-05', 'YYYY-MM-DD'), 1000.0000, 'T012', TO_DATE('2023-08-04', 'YYYY-MM-DD'));
INSERT INTO RedemptionTransaction (RT_RedemptionID, RT_RedemptionDate, RT_UnitsRedeemed, RT_RedemptionPrice, RT_RedemptionAmount, RT_RedemptionReason, RT_EarlyRedemptionFlag, RT_ExitFee, RT_SettlementDate, RT_RemainingUnits, T_ID, T_Date) VALUES ('RT003', TO_DATE('2023-08-29', 'YYYY-MM-DD'), 194.9781, 1.0000, 194.9781, 'Personal', 'N', 0.0000, TO_DATE('2023-11-22', 'YYYY-MM-DD'), 1000.0000, 'T013', TO_DATE('2023-08-29', 'YYYY-MM-DD'));
INSERT INTO RedemptionTransaction (RT_RedemptionID, RT_RedemptionDate, RT_UnitsRedeemed, RT_RedemptionPrice, RT_RedemptionAmount, RT_RedemptionReason, RT_EarlyRedemptionFlag, RT_ExitFee, RT_SettlementDate, RT_RemainingUnits, T_ID, T_Date) VALUES ('RT004', TO_DATE('2023-01-27', 'YYYY-MM-DD'), 4999.5484, 1.0000, 4999.5484, 'Personal', 'N', 0.0000, TO_DATE('2023-08-24', 'YYYY-MM-DD'), 1000.0000, 'T014', TO_DATE('2023-01-27', 'YYYY-MM-DD'));
INSERT INTO RedemptionTransaction (RT_RedemptionID, RT_RedemptionDate, RT_UnitsRedeemed, RT_RedemptionPrice, RT_RedemptionAmount, RT_RedemptionReason, RT_EarlyRedemptionFlag, RT_ExitFee, RT_SettlementDate, RT_RemainingUnits, T_ID, T_Date) VALUES ('RT005', TO_DATE('2023-04-25', 'YYYY-MM-DD'), 3285.7061, 1.0000, 3285.7061, 'Personal', 'N', 0.0000, TO_DATE('2023-12-29', 'YYYY-MM-DD'), 1000.0000, 'T015', TO_DATE('2023-04-25', 'YYYY-MM-DD'));
INSERT INTO RedemptionTransaction (RT_RedemptionID, RT_RedemptionDate, RT_UnitsRedeemed, RT_RedemptionPrice, RT_RedemptionAmount, RT_RedemptionReason, RT_EarlyRedemptionFlag, RT_ExitFee, RT_SettlementDate, RT_RemainingUnits, T_ID, T_Date) VALUES ('RT006', TO_DATE('2023-11-30', 'YYYY-MM-DD'), 297.2649, 1.0000, 297.2649, 'Personal', 'N', 0.0000, TO_DATE('2023-03-20', 'YYYY-MM-DD'), 1000.0000, 'T016', TO_DATE('2023-11-30', 'YYYY-MM-DD'));
INSERT INTO RedemptionTransaction (RT_RedemptionID, RT_RedemptionDate, RT_UnitsRedeemed, RT_RedemptionPrice, RT_RedemptionAmount, RT_RedemptionReason, RT_EarlyRedemptionFlag, RT_ExitFee, RT_SettlementDate, RT_RemainingUnits, T_ID, T_Date) VALUES ('RT007', TO_DATE('2023-05-07', 'YYYY-MM-DD'), 1076.8673, 1.0000, 1076.8673, 'Personal', 'N', 0.0000, TO_DATE('2023-08-11', 'YYYY-MM-DD'), 1000.0000, 'T017', TO_DATE('2023-05-07', 'YYYY-MM-DD'));
INSERT INTO RedemptionTransaction (RT_RedemptionID, RT_RedemptionDate, RT_UnitsRedeemed, RT_RedemptionPrice, RT_RedemptionAmount, RT_RedemptionReason, RT_EarlyRedemptionFlag, RT_ExitFee, RT_SettlementDate, RT_RemainingUnits, T_ID, T_Date) VALUES ('RT008', TO_DATE('2023-11-15', 'YYYY-MM-DD'), 846.6735, 1.0000, 846.6735, 'Personal', 'N', 0.0000, TO_DATE('2023-04-01', 'YYYY-MM-DD'), 1000.0000, 'T018', TO_DATE('2023-11-15', 'YYYY-MM-DD'));
INSERT INTO RedemptionTransaction (RT_RedemptionID, RT_RedemptionDate, RT_UnitsRedeemed, RT_RedemptionPrice, RT_RedemptionAmount, RT_RedemptionReason, RT_EarlyRedemptionFlag, RT_ExitFee, RT_SettlementDate, RT_RemainingUnits, T_ID, T_Date) VALUES ('RT009', TO_DATE('2023-08-31', 'YYYY-MM-DD'), 3380.3483, 1.0000, 3380.3483, 'Personal', 'N', 0.0000, TO_DATE('2023-09-25', 'YYYY-MM-DD'), 1000.0000, 'T019', TO_DATE('2023-08-31', 'YYYY-MM-DD'));
INSERT INTO RedemptionTransaction (RT_RedemptionID, RT_RedemptionDate, RT_UnitsRedeemed, RT_RedemptionPrice, RT_RedemptionAmount, RT_RedemptionReason, RT_EarlyRedemptionFlag, RT_ExitFee, RT_SettlementDate, RT_RemainingUnits, T_ID, T_Date) VALUES ('RT010', TO_DATE('2023-04-22', 'YYYY-MM-DD'), 2378.6665, 1.0000, 2378.6665, 'Personal', 'N', 0.0000, TO_DATE('2023-11-30', 'YYYY-MM-DD'), 1000.0000, 'T020', TO_DATE('2023-04-22', 'YYYY-MM-DD'));

-- Populating SwitchTransaction
INSERT INTO SwitchTransaction (ST_SwitchID, ST_SwitchDate, ST_SourceFundName, ST_DestinationFundName, ST_UnitsSwitched, ST_SwitchFee, ST_SourceFundPrice, ST_DestinationFundPrice, ST_ConversionRatio, ST_SwitchReason, T_ID, T_Date) VALUES ('ST001', TO_DATE('2023-07-08', 'YYYY-MM-DD'), 'ASB', 'ASM', 922.1668, 0.0000, 1.0000, 1.0000, 1.0000, 'Rebalance', 'T021', TO_DATE('2023-07-08', 'YYYY-MM-DD'));
INSERT INTO SwitchTransaction (ST_SwitchID, ST_SwitchDate, ST_SourceFundName, ST_DestinationFundName, ST_UnitsSwitched, ST_SwitchFee, ST_SourceFundPrice, ST_DestinationFundPrice, ST_ConversionRatio, ST_SwitchReason, T_ID, T_Date) VALUES ('ST002', TO_DATE('2023-02-28', 'YYYY-MM-DD'), 'ASB', 'ASM', 3911.1802, 0.0000, 1.0000, 1.0000, 1.0000, 'Rebalance', 'T022', TO_DATE('2023-02-28', 'YYYY-MM-DD'));
INSERT INTO SwitchTransaction (ST_SwitchID, ST_SwitchDate, ST_SourceFundName, ST_DestinationFundName, ST_UnitsSwitched, ST_SwitchFee, ST_SourceFundPrice, ST_DestinationFundPrice, ST_ConversionRatio, ST_SwitchReason, T_ID, T_Date) VALUES ('ST003', TO_DATE('2023-06-09', 'YYYY-MM-DD'), 'ASB', 'ASM', 629.6839, 0.0000, 1.0000, 1.0000, 1.0000, 'Rebalance', 'T023', TO_DATE('2023-06-09', 'YYYY-MM-DD'));
INSERT INTO SwitchTransaction (ST_SwitchID, ST_SwitchDate, ST_SourceFundName, ST_DestinationFundName, ST_UnitsSwitched, ST_SwitchFee, ST_SourceFundPrice, ST_DestinationFundPrice, ST_ConversionRatio, ST_SwitchReason, T_ID, T_Date) VALUES ('ST004', TO_DATE('2023-06-09', 'YYYY-MM-DD'), 'ASB', 'ASM', 2921.4040, 0.0000, 1.0000, 1.0000, 1.0000, 'Rebalance', 'T024', TO_DATE('2023-06-09', 'YYYY-MM-DD'));
INSERT INTO SwitchTransaction (ST_SwitchID, ST_SwitchDate, ST_SourceFundName, ST_DestinationFundName, ST_UnitsSwitched, ST_SwitchFee, ST_SourceFundPrice, ST_DestinationFundPrice, ST_ConversionRatio, ST_SwitchReason, T_ID, T_Date) VALUES ('ST005', TO_DATE('2023-07-23', 'YYYY-MM-DD'), 'ASB', 'ASM', 4713.2059, 0.0000, 1.0000, 1.0000, 1.0000, 'Rebalance', 'T025', TO_DATE('2023-07-23', 'YYYY-MM-DD'));
INSERT INTO SwitchTransaction (ST_SwitchID, ST_SwitchDate, ST_SourceFundName, ST_DestinationFundName, ST_UnitsSwitched, ST_SwitchFee, ST_SourceFundPrice, ST_DestinationFundPrice, ST_ConversionRatio, ST_SwitchReason, T_ID, T_Date) VALUES ('ST006', TO_DATE('2023-02-08', 'YYYY-MM-DD'), 'ASB', 'ASM', 3001.2795, 0.0000, 1.0000, 1.0000, 1.0000, 'Rebalance', 'T026', TO_DATE('2023-02-08', 'YYYY-MM-DD'));
INSERT INTO SwitchTransaction (ST_SwitchID, ST_SwitchDate, ST_SourceFundName, ST_DestinationFundName, ST_UnitsSwitched, ST_SwitchFee, ST_SourceFundPrice, ST_DestinationFundPrice, ST_ConversionRatio, ST_SwitchReason, T_ID, T_Date) VALUES ('ST007', TO_DATE('2023-11-18', 'YYYY-MM-DD'), 'ASB', 'ASM', 1289.9620, 0.0000, 1.0000, 1.0000, 1.0000, 'Rebalance', 'T027', TO_DATE('2023-11-18', 'YYYY-MM-DD'));
INSERT INTO SwitchTransaction (ST_SwitchID, ST_SwitchDate, ST_SourceFundName, ST_DestinationFundName, ST_UnitsSwitched, ST_SwitchFee, ST_SourceFundPrice, ST_DestinationFundPrice, ST_ConversionRatio, ST_SwitchReason, T_ID, T_Date) VALUES ('ST008', TO_DATE('2023-06-04', 'YYYY-MM-DD'), 'ASB', 'ASM', 4266.4369, 0.0000, 1.0000, 1.0000, 1.0000, 'Rebalance', 'T028', TO_DATE('2023-06-04', 'YYYY-MM-DD'));
INSERT INTO SwitchTransaction (ST_SwitchID, ST_SwitchDate, ST_SourceFundName, ST_DestinationFundName, ST_UnitsSwitched, ST_SwitchFee, ST_SourceFundPrice, ST_DestinationFundPrice, ST_ConversionRatio, ST_SwitchReason, T_ID, T_Date) VALUES ('ST009', TO_DATE('2023-03-03', 'YYYY-MM-DD'), 'ASB', 'ASM', 4001.5134, 0.0000, 1.0000, 1.0000, 1.0000, 'Rebalance', 'T029', TO_DATE('2023-03-03', 'YYYY-MM-DD'));
INSERT INTO SwitchTransaction (ST_SwitchID, ST_SwitchDate, ST_SourceFundName, ST_DestinationFundName, ST_UnitsSwitched, ST_SwitchFee, ST_SourceFundPrice, ST_DestinationFundPrice, ST_ConversionRatio, ST_SwitchReason, T_ID, T_Date) VALUES ('ST010', TO_DATE('2023-01-22', 'YYYY-MM-DD'), 'ASB', 'ASM', 1801.2985, 0.0000, 1.0000, 1.0000, 1.0000, 'Rebalance', 'T030', TO_DATE('2023-01-22', 'YYYY-MM-DD'));

-- Populating Receipt
INSERT INTO Receipt (R_ID, R_IssueDate, R_Number, R_Type, R_Amount, R_IssueTime, R_Remarks, R_Status, R_TaxAmount, R_Currency, E_ID, E_HireDate, I_ID, I_RegistrationDate, T_ID, T_Date, FH_ID, FH_DateCreated) VALUES ('R001', TO_DATE('2023-05-19', 'YYYY-MM-DD'), 'RC90728', 'Official', 1175.1660, TO_TIMESTAMP('10:30:00', 'HH24:MI:SS'), 'Success', 'Issued', 0.0000, 'MYR', 'E001', TO_DATE('2016-11-30', 'YYYY-MM-DD'), 'I001', TO_DATE('2016-04-17', 'YYYY-MM-DD'), 'T001', TO_DATE('2023-09-07', 'YYYY-MM-DD'), 'FH001', TO_DATE('2022-10-13', 'YYYY-MM-DD'));
INSERT INTO Receipt (R_ID, R_IssueDate, R_Number, R_Type, R_Amount, R_IssueTime, R_Remarks, R_Status, R_TaxAmount, R_Currency, E_ID, E_HireDate, I_ID, I_RegistrationDate, T_ID, T_Date, FH_ID, FH_DateCreated) VALUES ('R002', TO_DATE('2023-10-03', 'YYYY-MM-DD'), 'RC73372', 'Official', 242.2216, TO_TIMESTAMP('10:30:00', 'HH24:MI:SS'), 'Success', 'Issued', 0.0000, 'MYR', 'E002', TO_DATE('2015-08-07', 'YYYY-MM-DD'), 'I002', TO_DATE('2017-01-01', 'YYYY-MM-DD'), 'T002', TO_DATE('2023-09-06', 'YYYY-MM-DD'), 'FH002', TO_DATE('2015-09-21', 'YYYY-MM-DD'));
INSERT INTO Receipt (R_ID, R_IssueDate, R_Number, R_Type, R_Amount, R_IssueTime, R_Remarks, R_Status, R_TaxAmount, R_Currency, E_ID, E_HireDate, I_ID, I_RegistrationDate, T_ID, T_Date, FH_ID, FH_DateCreated) VALUES ('R003', TO_DATE('2023-08-27', 'YYYY-MM-DD'), 'RC67091', 'Official', 3427.7952, TO_TIMESTAMP('10:30:00', 'HH24:MI:SS'), 'Success', 'Issued', 0.0000, 'MYR', 'E003', TO_DATE('2013-06-20', 'YYYY-MM-DD'), 'I003', TO_DATE('2017-12-23', 'YYYY-MM-DD'), 'T003', TO_DATE('2023-12-09', 'YYYY-MM-DD'), 'FH003', TO_DATE('2021-01-31', 'YYYY-MM-DD'));
INSERT INTO Receipt (R_ID, R_IssueDate, R_Number, R_Type, R_Amount, R_IssueTime, R_Remarks, R_Status, R_TaxAmount, R_Currency, E_ID, E_HireDate, I_ID, I_RegistrationDate, T_ID, T_Date, FH_ID, FH_DateCreated) VALUES ('R004', TO_DATE('2023-10-31', 'YYYY-MM-DD'), 'RC45179', 'Official', 4218.4777, TO_TIMESTAMP('10:30:00', 'HH24:MI:SS'), 'Success', 'Issued', 0.0000, 'MYR', 'E004', TO_DATE('2010-07-23', 'YYYY-MM-DD'), 'I004', TO_DATE('2016-03-20', 'YYYY-MM-DD'), 'T004', TO_DATE('2023-03-26', 'YYYY-MM-DD'), 'FH004', TO_DATE('2017-04-27', 'YYYY-MM-DD'));
INSERT INTO Receipt (R_ID, R_IssueDate, R_Number, R_Type, R_Amount, R_IssueTime, R_Remarks, R_Status, R_TaxAmount, R_Currency, E_ID, E_HireDate, I_ID, I_RegistrationDate, T_ID, T_Date, FH_ID, FH_DateCreated) VALUES ('R005', TO_DATE('2023-06-15', 'YYYY-MM-DD'), 'RC42177', 'Official', 2717.2058, TO_TIMESTAMP('10:30:00', 'HH24:MI:SS'), 'Success', 'Issued', 0.0000, 'MYR', 'E005', TO_DATE('2015-07-26', 'YYYY-MM-DD'), 'I005', TO_DATE('2019-11-15', 'YYYY-MM-DD'), 'T005', TO_DATE('2023-11-15', 'YYYY-MM-DD'), 'FH005', TO_DATE('2023-08-20', 'YYYY-MM-DD'));
INSERT INTO Receipt (R_ID, R_IssueDate, R_Number, R_Type, R_Amount, R_IssueTime, R_Remarks, R_Status, R_TaxAmount, R_Currency, E_ID, E_HireDate, I_ID, I_RegistrationDate, T_ID, T_Date, FH_ID, FH_DateCreated) VALUES ('R006', TO_DATE('2023-02-14', 'YYYY-MM-DD'), 'RC46559', 'Official', 2865.5207, TO_TIMESTAMP('10:30:00', 'HH24:MI:SS'), 'Success', 'Issued', 0.0000, 'MYR', 'E006', TO_DATE('2018-07-31', 'YYYY-MM-DD'), 'I006', TO_DATE('2023-03-04', 'YYYY-MM-DD'), 'T006', TO_DATE('2023-10-31', 'YYYY-MM-DD'), 'FH006', TO_DATE('2015-03-22', 'YYYY-MM-DD'));
INSERT INTO Receipt (R_ID, R_IssueDate, R_Number, R_Type, R_Amount, R_IssueTime, R_Remarks, R_Status, R_TaxAmount, R_Currency, E_ID, E_HireDate, I_ID, I_RegistrationDate, T_ID, T_Date, FH_ID, FH_DateCreated) VALUES ('R007', TO_DATE('2023-08-19', 'YYYY-MM-DD'), 'RC41963', 'Official', 3249.4733, TO_TIMESTAMP('10:30:00', 'HH24:MI:SS'), 'Success', 'Issued', 0.0000, 'MYR', 'E007', TO_DATE('2020-04-28', 'YYYY-MM-DD'), 'I007', TO_DATE('2019-11-23', 'YYYY-MM-DD'), 'T007', TO_DATE('2023-02-12', 'YYYY-MM-DD'), 'FH007', TO_DATE('2019-04-08', 'YYYY-MM-DD'));
INSERT INTO Receipt (R_ID, R_IssueDate, R_Number, R_Type, R_Amount, R_IssueTime, R_Remarks, R_Status, R_TaxAmount, R_Currency, E_ID, E_HireDate, I_ID, I_RegistrationDate, T_ID, T_Date, FH_ID, FH_DateCreated) VALUES ('R008', TO_DATE('2023-08-26', 'YYYY-MM-DD'), 'RC84691', 'Official', 990.4722, TO_TIMESTAMP('10:30:00', 'HH24:MI:SS'), 'Success', 'Issued', 0.0000, 'MYR', 'E008', TO_DATE('2010-07-13', 'YYYY-MM-DD'), 'I008', TO_DATE('2020-09-25', 'YYYY-MM-DD'), 'T008', TO_DATE('2023-08-25', 'YYYY-MM-DD'), 'FH008', TO_DATE('2018-05-08', 'YYYY-MM-DD'));
INSERT INTO Receipt (R_ID, R_IssueDate, R_Number, R_Type, R_Amount, R_IssueTime, R_Remarks, R_Status, R_TaxAmount, R_Currency, E_ID, E_HireDate, I_ID, I_RegistrationDate, T_ID, T_Date, FH_ID, FH_DateCreated) VALUES ('R009', TO_DATE('2023-11-09', 'YYYY-MM-DD'), 'RC97580', 'Official', 1704.0281, TO_TIMESTAMP('10:30:00', 'HH24:MI:SS'), 'Success', 'Issued', 0.0000, 'MYR', 'E009', TO_DATE('2016-04-01', 'YYYY-MM-DD'), 'I009', TO_DATE('2019-04-27', 'YYYY-MM-DD'), 'T009', TO_DATE('2023-07-14', 'YYYY-MM-DD'), 'FH009', TO_DATE('2021-01-13', 'YYYY-MM-DD'));
INSERT INTO Receipt (R_ID, R_IssueDate, R_Number, R_Type, R_Amount, R_IssueTime, R_Remarks, R_Status, R_TaxAmount, R_Currency, E_ID, E_HireDate, I_ID, I_RegistrationDate, T_ID, T_Date, FH_ID, FH_DateCreated) VALUES ('R010', TO_DATE('2023-07-14', 'YYYY-MM-DD'), 'RC54092', 'Official', 1753.7527, TO_TIMESTAMP('10:30:00', 'HH24:MI:SS'), 'Success', 'Issued', 0.0000, 'MYR', 'E010', TO_DATE('2018-12-19', 'YYYY-MM-DD'), 'I010', TO_DATE('2017-02-17', 'YYYY-MM-DD'), 'T010', TO_DATE('2023-06-17', 'YYYY-MM-DD'), 'FH010', TO_DATE('2023-12-21', 'YYYY-MM-DD'));

-- Populating Dividend
INSERT INTO Dividend (D_ID, D_DeclarationDate, D_Rate, D_Year, D_Amount, D_DistributionDate, D_ApprovalStatus, D_FundPerformance, D_TaxRate, D_Currency, F_ID, F_Code, IP_ID, IP_CreationDate) VALUES ('D001', TO_DATE('2023-07-03', 'YYYY-MM-DD'), 0.0500, 2022, 5000000.0000, TO_DATE('2023-12-20', 'YYYY-MM-DD'), 'Approved', 'Good', 0.00, 'MYR', 'F001', 'FND01', 'IP001', TO_DATE('2013-01-14', 'YYYY-MM-DD'));
INSERT INTO Dividend (D_ID, D_DeclarationDate, D_Rate, D_Year, D_Amount, D_DistributionDate, D_ApprovalStatus, D_FundPerformance, D_TaxRate, D_Currency, F_ID, F_Code, IP_ID, IP_CreationDate) VALUES ('D002', TO_DATE('2022-07-09', 'YYYY-MM-DD'), 0.0500, 2022, 5000000.0000, TO_DATE('2023-04-09', 'YYYY-MM-DD'), 'Approved', 'Good', 0.00, 'MYR', 'F002', 'FND02', 'IP002', TO_DATE('2013-06-09', 'YYYY-MM-DD'));
INSERT INTO Dividend (D_ID, D_DeclarationDate, D_Rate, D_Year, D_Amount, D_DistributionDate, D_ApprovalStatus, D_FundPerformance, D_TaxRate, D_Currency, F_ID, F_Code, IP_ID, IP_CreationDate) VALUES ('D003', TO_DATE('2022-08-10', 'YYYY-MM-DD'), 0.0500, 2022, 5000000.0000, TO_DATE('2023-09-05', 'YYYY-MM-DD'), 'Approved', 'Good', 0.00, 'MYR', 'F003', 'FND03', 'IP003', TO_DATE('2012-10-26', 'YYYY-MM-DD'));
INSERT INTO Dividend (D_ID, D_DeclarationDate, D_Rate, D_Year, D_Amount, D_DistributionDate, D_ApprovalStatus, D_FundPerformance, D_TaxRate, D_Currency, F_ID, F_Code, IP_ID, IP_CreationDate) VALUES ('D004', TO_DATE('2022-10-11', 'YYYY-MM-DD'), 0.0500, 2022, 5000000.0000, TO_DATE('2023-10-29', 'YYYY-MM-DD'), 'Approved', 'Good', 0.00, 'MYR', 'F004', 'FND04', 'IP004', TO_DATE('2012-08-02', 'YYYY-MM-DD'));
INSERT INTO Dividend (D_ID, D_DeclarationDate, D_Rate, D_Year, D_Amount, D_DistributionDate, D_ApprovalStatus, D_FundPerformance, D_TaxRate, D_Currency, F_ID, F_Code, IP_ID, IP_CreationDate) VALUES ('D005', TO_DATE('2023-06-22', 'YYYY-MM-DD'), 0.0500, 2022, 5000000.0000, TO_DATE('2023-11-02', 'YYYY-MM-DD'), 'Approved', 'Good', 0.00, 'MYR', 'F005', 'FND05', 'IP005', TO_DATE('2011-05-10', 'YYYY-MM-DD'));
INSERT INTO Dividend (D_ID, D_DeclarationDate, D_Rate, D_Year, D_Amount, D_DistributionDate, D_ApprovalStatus, D_FundPerformance, D_TaxRate, D_Currency, F_ID, F_Code, IP_ID, IP_CreationDate) VALUES ('D006', TO_DATE('2022-10-17', 'YYYY-MM-DD'), 0.0500, 2022, 5000000.0000, TO_DATE('2023-02-21', 'YYYY-MM-DD'), 'Approved', 'Good', 0.00, 'MYR', 'F006', 'FND06', 'IP006', TO_DATE('2018-02-02', 'YYYY-MM-DD'));
INSERT INTO Dividend (D_ID, D_DeclarationDate, D_Rate, D_Year, D_Amount, D_DistributionDate, D_ApprovalStatus, D_FundPerformance, D_TaxRate, D_Currency, F_ID, F_Code, IP_ID, IP_CreationDate) VALUES ('D007', TO_DATE('2022-07-18', 'YYYY-MM-DD'), 0.0500, 2022, 5000000.0000, TO_DATE('2023-06-01', 'YYYY-MM-DD'), 'Approved', 'Good', 0.00, 'MYR', 'F007', 'FND07', 'IP007', TO_DATE('2012-02-28', 'YYYY-MM-DD'));
INSERT INTO Dividend (D_ID, D_DeclarationDate, D_Rate, D_Year, D_Amount, D_DistributionDate, D_ApprovalStatus, D_FundPerformance, D_TaxRate, D_Currency, F_ID, F_Code, IP_ID, IP_CreationDate) VALUES ('D008', TO_DATE('2022-08-21', 'YYYY-MM-DD'), 0.0500, 2022, 5000000.0000, TO_DATE('2023-07-04', 'YYYY-MM-DD'), 'Approved', 'Good', 0.00, 'MYR', 'F008', 'FND08', 'IP008', TO_DATE('2013-07-16', 'YYYY-MM-DD'));
INSERT INTO Dividend (D_ID, D_DeclarationDate, D_Rate, D_Year, D_Amount, D_DistributionDate, D_ApprovalStatus, D_FundPerformance, D_TaxRate, D_Currency, F_ID, F_Code, IP_ID, IP_CreationDate) VALUES ('D009', TO_DATE('2022-07-03', 'YYYY-MM-DD'), 0.0500, 2022, 5000000.0000, TO_DATE('2023-06-04', 'YYYY-MM-DD'), 'Approved', 'Good', 0.00, 'MYR', 'F009', 'FND09', 'IP009', TO_DATE('2011-05-05', 'YYYY-MM-DD'));
INSERT INTO Dividend (D_ID, D_DeclarationDate, D_Rate, D_Year, D_Amount, D_DistributionDate, D_ApprovalStatus, D_FundPerformance, D_TaxRate, D_Currency, F_ID, F_Code, IP_ID, IP_CreationDate) VALUES ('D010', TO_DATE('2022-01-15', 'YYYY-MM-DD'), 0.0500, 2022, 5000000.0000, TO_DATE('2023-12-29', 'YYYY-MM-DD'), 'Approved', 'Good', 0.00, 'MYR', 'F010', 'FND10', 'IP010', TO_DATE('2018-05-01', 'YYYY-MM-DD'));

-- Populating DividendDistribution
INSERT INTO DividendDistribution (DD_ID, DD_DistributionDate, DD_DistributionAmount, DD_DistributionMethod, DD_TaxDeduction, DD_Currency, DD_PaymentStatus, DD_ApprovalStatus, DD_DistributionType, DD_ProcessingDate, I_ID, I_RegistrationDate, FH_ID, FH_DateCreated, IA_ID, IA_AccountOpenDate, F_ID, F_Code) VALUES ('DD001', TO_DATE('2023-10-01', 'YYYY-MM-DD'), 250.0000, 'Reinvested', 0.0000, 'MYR', 'Processed', 'Approved', 'Income', TO_TIMESTAMP('2023-01-01 12:00:00', 'YYYY-MM-DD HH24:MI:SS'), 'I001', TO_DATE('2016-04-17', 'YYYY-MM-DD'), 'FH001', TO_DATE('2022-10-13', 'YYYY-MM-DD'), 'IA001', TO_DATE('2022-10-21', 'YYYY-MM-DD'), 'F001', 'FND01');
INSERT INTO DividendDistribution (DD_ID, DD_DistributionDate, DD_DistributionAmount, DD_DistributionMethod, DD_TaxDeduction, DD_Currency, DD_PaymentStatus, DD_ApprovalStatus, DD_DistributionType, DD_ProcessingDate, I_ID, I_RegistrationDate, FH_ID, FH_DateCreated, IA_ID, IA_AccountOpenDate, F_ID, F_Code) VALUES ('DD002', TO_DATE('2023-03-06', 'YYYY-MM-DD'), 250.0000, 'Reinvested', 0.0000, 'MYR', 'Processed', 'Approved', 'Income', TO_TIMESTAMP('2023-01-01 12:00:00', 'YYYY-MM-DD HH24:MI:SS'), 'I002', TO_DATE('2017-01-01', 'YYYY-MM-DD'), 'FH002', TO_DATE('2015-09-21', 'YYYY-MM-DD'), 'IA002', TO_DATE('2021-04-02', 'YYYY-MM-DD'), 'F002', 'FND02');
INSERT INTO DividendDistribution (DD_ID, DD_DistributionDate, DD_DistributionAmount, DD_DistributionMethod, DD_TaxDeduction, DD_Currency, DD_PaymentStatus, DD_ApprovalStatus, DD_DistributionType, DD_ProcessingDate, I_ID, I_RegistrationDate, FH_ID, FH_DateCreated, IA_ID, IA_AccountOpenDate, F_ID, F_Code) VALUES ('DD003', TO_DATE('2023-05-21', 'YYYY-MM-DD'), 250.0000, 'Reinvested', 0.0000, 'MYR', 'Processed', 'Approved', 'Income', TO_TIMESTAMP('2023-01-01 12:00:00', 'YYYY-MM-DD HH24:MI:SS'), 'I003', TO_DATE('2017-12-23', 'YYYY-MM-DD'), 'FH003', TO_DATE('2021-01-31', 'YYYY-MM-DD'), 'IA003', TO_DATE('2016-05-12', 'YYYY-MM-DD'), 'F003', 'FND03');
INSERT INTO DividendDistribution (DD_ID, DD_DistributionDate, DD_DistributionAmount, DD_DistributionMethod, DD_TaxDeduction, DD_Currency, DD_PaymentStatus, DD_ApprovalStatus, DD_DistributionType, DD_ProcessingDate, I_ID, I_RegistrationDate, FH_ID, FH_DateCreated, IA_ID, IA_AccountOpenDate, F_ID, F_Code) VALUES ('DD004', TO_DATE('2023-01-24', 'YYYY-MM-DD'), 250.0000, 'Reinvested', 0.0000, 'MYR', 'Processed', 'Approved', 'Income', TO_TIMESTAMP('2023-01-01 12:00:00', 'YYYY-MM-DD HH24:MI:SS'), 'I004', TO_DATE('2016-03-20', 'YYYY-MM-DD'), 'FH004', TO_DATE('2017-04-27', 'YYYY-MM-DD'), 'IA004', TO_DATE('2020-03-18', 'YYYY-MM-DD'), 'F004', 'FND04');
INSERT INTO DividendDistribution (DD_ID, DD_DistributionDate, DD_DistributionAmount, DD_DistributionMethod, DD_TaxDeduction, DD_Currency, DD_PaymentStatus, DD_ApprovalStatus, DD_DistributionType, DD_ProcessingDate, I_ID, I_RegistrationDate, FH_ID, FH_DateCreated, IA_ID, IA_AccountOpenDate, F_ID, F_Code) VALUES ('DD005', TO_DATE('2023-01-28', 'YYYY-MM-DD'), 250.0000, 'Reinvested', 0.0000, 'MYR', 'Processed', 'Approved', 'Income', TO_TIMESTAMP('2023-01-01 12:00:00', 'YYYY-MM-DD HH24:MI:SS'), 'I005', TO_DATE('2019-11-15', 'YYYY-MM-DD'), 'FH005', TO_DATE('2023-08-20', 'YYYY-MM-DD'), 'IA005', TO_DATE('2021-04-08', 'YYYY-MM-DD'), 'F005', 'FND05');
INSERT INTO DividendDistribution (DD_ID, DD_DistributionDate, DD_DistributionAmount, DD_DistributionMethod, DD_TaxDeduction, DD_Currency, DD_PaymentStatus, DD_ApprovalStatus, DD_DistributionType, DD_ProcessingDate, I_ID, I_RegistrationDate, FH_ID, FH_DateCreated, IA_ID, IA_AccountOpenDate, F_ID, F_Code) VALUES ('DD006', TO_DATE('2023-10-11', 'YYYY-MM-DD'), 250.0000, 'Reinvested', 0.0000, 'MYR', 'Processed', 'Approved', 'Income', TO_TIMESTAMP('2023-01-01 12:00:00', 'YYYY-MM-DD HH24:MI:SS'), 'I006', TO_DATE('2023-03-04', 'YYYY-MM-DD'), 'FH006', TO_DATE('2015-03-22', 'YYYY-MM-DD'), 'IA006', TO_DATE('2023-06-21', 'YYYY-MM-DD'), 'F006', 'FND06');
INSERT INTO DividendDistribution (DD_ID, DD_DistributionDate, DD_DistributionAmount, DD_DistributionMethod, DD_TaxDeduction, DD_Currency, DD_PaymentStatus, DD_ApprovalStatus, DD_DistributionType, DD_ProcessingDate, I_ID, I_RegistrationDate, FH_ID, FH_DateCreated, IA_ID, IA_AccountOpenDate, F_ID, F_Code) VALUES ('DD007', TO_DATE('2023-05-30', 'YYYY-MM-DD'), 250.0000, 'Reinvested', 0.0000, 'MYR', 'Processed', 'Approved', 'Income', TO_TIMESTAMP('2023-01-01 12:00:00', 'YYYY-MM-DD HH24:MI:SS'), 'I007', TO_DATE('2019-11-23', 'YYYY-MM-DD'), 'FH007', TO_DATE('2019-04-08', 'YYYY-MM-DD'), 'IA007', TO_DATE('2023-01-25', 'YYYY-MM-DD'), 'F007', 'FND07');
INSERT INTO DividendDistribution (DD_ID, DD_DistributionDate, DD_DistributionAmount, DD_DistributionMethod, DD_TaxDeduction, DD_Currency, DD_PaymentStatus, DD_ApprovalStatus, DD_DistributionType, DD_ProcessingDate, I_ID, I_RegistrationDate, FH_ID, FH_DateCreated, IA_ID, IA_AccountOpenDate, F_ID, F_Code) VALUES ('DD008', TO_DATE('2023-12-24', 'YYYY-MM-DD'), 250.0000, 'Reinvested', 0.0000, 'MYR', 'Processed', 'Approved', 'Income', TO_TIMESTAMP('2023-01-01 12:00:00', 'YYYY-MM-DD HH24:MI:SS'), 'I008', TO_DATE('2020-09-25', 'YYYY-MM-DD'), 'FH008', TO_DATE('2018-05-08', 'YYYY-MM-DD'), 'IA008', TO_DATE('2021-02-22', 'YYYY-MM-DD'), 'F008', 'FND08');
INSERT INTO DividendDistribution (DD_ID, DD_DistributionDate, DD_DistributionAmount, DD_DistributionMethod, DD_TaxDeduction, DD_Currency, DD_PaymentStatus, DD_ApprovalStatus, DD_DistributionType, DD_ProcessingDate, I_ID, I_RegistrationDate, FH_ID, FH_DateCreated, IA_ID, IA_AccountOpenDate, F_ID, F_Code) VALUES ('DD009', TO_DATE('2023-03-06', 'YYYY-MM-DD'), 250.0000, 'Reinvested', 0.0000, 'MYR', 'Processed', 'Approved', 'Income', TO_TIMESTAMP('2023-01-01 12:00:00', 'YYYY-MM-DD HH24:MI:SS'), 'I009', TO_DATE('2019-04-27', 'YYYY-MM-DD'), 'FH009', TO_DATE('2021-01-13', 'YYYY-MM-DD'), 'IA009', TO_DATE('2023-05-05', 'YYYY-MM-DD'), 'F009', 'FND09');
INSERT INTO DividendDistribution (DD_ID, DD_DistributionDate, DD_DistributionAmount, DD_DistributionMethod, DD_TaxDeduction, DD_Currency, DD_PaymentStatus, DD_ApprovalStatus, DD_DistributionType, DD_ProcessingDate, I_ID, I_RegistrationDate, FH_ID, FH_DateCreated, IA_ID, IA_AccountOpenDate, F_ID, F_Code) VALUES ('DD010', TO_DATE('2023-11-23', 'YYYY-MM-DD'), 250.0000, 'Reinvested', 0.0000, 'MYR', 'Processed', 'Approved', 'Income', TO_TIMESTAMP('2023-01-01 12:00:00', 'YYYY-MM-DD HH24:MI:SS'), 'I010', TO_DATE('2017-02-17', 'YYYY-MM-DD'), 'FH010', TO_DATE('2023-12-21', 'YYYY-MM-DD'), 'IA010', TO_DATE('2023-06-07', 'YYYY-MM-DD'), 'F010', 'FND10');

-- Populating Statement
INSERT INTO Statement (S_ID, S_Period, S_GeneratedDate, S_Type, S_OpeningBalance, S_ClosingBalance, S_TotalInvesment, S_TotalRedemption, S_TotalDividend, S_DeliveryMethod, I_ID, I_RegistrationDate, IA_ID, IA_AccountOpenDate, OA_ID, OA_RegistrationDate) VALUES ('S001', '2023-H1', TO_DATE('2023-06-02', 'YYYY-MM-DD'), 'Half-Yearly', 5000.0000, 5500.0000, 1000.0000, 500.0000, 0.0000, 'Email', 'I001', TO_DATE('2016-04-17', 'YYYY-MM-DD'), 'IA001', TO_DATE('2022-10-21', 'YYYY-MM-DD'), 'OA001', TO_DATE('2023-07-29', 'YYYY-MM-DD'));
INSERT INTO Statement (S_ID, S_Period, S_GeneratedDate, S_Type, S_OpeningBalance, S_ClosingBalance, S_TotalInvesment, S_TotalRedemption, S_TotalDividend, S_DeliveryMethod, I_ID, I_RegistrationDate, IA_ID, IA_AccountOpenDate, OA_ID, OA_RegistrationDate) VALUES ('S002', '2023-H1', TO_DATE('2023-10-29', 'YYYY-MM-DD'), 'Half-Yearly', 5000.0000, 5500.0000, 1000.0000, 500.0000, 0.0000, 'Email', 'I002', TO_DATE('2017-01-01', 'YYYY-MM-DD'), 'IA002', TO_DATE('2021-04-02', 'YYYY-MM-DD'), 'OA002', TO_DATE('2021-07-21', 'YYYY-MM-DD'));
INSERT INTO Statement (S_ID, S_Period, S_GeneratedDate, S_Type, S_OpeningBalance, S_ClosingBalance, S_TotalInvesment, S_TotalRedemption, S_TotalDividend, S_DeliveryMethod, I_ID, I_RegistrationDate, IA_ID, IA_AccountOpenDate, OA_ID, OA_RegistrationDate) VALUES ('S003', '2023-H1', TO_DATE('2023-08-08', 'YYYY-MM-DD'), 'Half-Yearly', 5000.0000, 5500.0000, 1000.0000, 500.0000, 0.0000, 'Email', 'I003', TO_DATE('2017-12-23', 'YYYY-MM-DD'), 'IA003', TO_DATE('2016-05-12', 'YYYY-MM-DD'), 'OA003', TO_DATE('2022-12-03', 'YYYY-MM-DD'));
INSERT INTO Statement (S_ID, S_Period, S_GeneratedDate, S_Type, S_OpeningBalance, S_ClosingBalance, S_TotalInvesment, S_TotalRedemption, S_TotalDividend, S_DeliveryMethod, I_ID, I_RegistrationDate, IA_ID, IA_AccountOpenDate, OA_ID, OA_RegistrationDate) VALUES ('S004', '2023-H1', TO_DATE('2023-06-06', 'YYYY-MM-DD'), 'Half-Yearly', 5000.0000, 5500.0000, 1000.0000, 500.0000, 0.0000, 'Email', 'I004', TO_DATE('2016-03-20', 'YYYY-MM-DD'), 'IA004', TO_DATE('2020-03-18', 'YYYY-MM-DD'), 'OA004', TO_DATE('2022-09-19', 'YYYY-MM-DD'));
INSERT INTO Statement (S_ID, S_Period, S_GeneratedDate, S_Type, S_OpeningBalance, S_ClosingBalance, S_TotalInvesment, S_TotalRedemption, S_TotalDividend, S_DeliveryMethod, I_ID, I_RegistrationDate, IA_ID, IA_AccountOpenDate, OA_ID, OA_RegistrationDate) VALUES ('S005', '2023-H1', TO_DATE('2023-10-19', 'YYYY-MM-DD'), 'Half-Yearly', 5000.0000, 5500.0000, 1000.0000, 500.0000, 0.0000, 'Email', 'I005', TO_DATE('2019-11-15', 'YYYY-MM-DD'), 'IA005', TO_DATE('2021-04-08', 'YYYY-MM-DD'), 'OA005', TO_DATE('2023-07-07', 'YYYY-MM-DD'));
INSERT INTO Statement (S_ID, S_Period, S_GeneratedDate, S_Type, S_OpeningBalance, S_ClosingBalance, S_TotalInvesment, S_TotalRedemption, S_TotalDividend, S_DeliveryMethod, I_ID, I_RegistrationDate, IA_ID, IA_AccountOpenDate, OA_ID, OA_RegistrationDate) VALUES ('S006', '2023-H1', TO_DATE('2023-11-14', 'YYYY-MM-DD'), 'Half-Yearly', 5000.0000, 5500.0000, 1000.0000, 500.0000, 0.0000, 'Email', 'I006', TO_DATE('2023-03-04', 'YYYY-MM-DD'), 'IA006', TO_DATE('2023-06-21', 'YYYY-MM-DD'), 'OA006', TO_DATE('2021-05-04', 'YYYY-MM-DD'));
INSERT INTO Statement (S_ID, S_Period, S_GeneratedDate, S_Type, S_OpeningBalance, S_ClosingBalance, S_TotalInvesment, S_TotalRedemption, S_TotalDividend, S_DeliveryMethod, I_ID, I_RegistrationDate, IA_ID, IA_AccountOpenDate, OA_ID, OA_RegistrationDate) VALUES ('S007', '2023-H1', TO_DATE('2023-01-31', 'YYYY-MM-DD'), 'Half-Yearly', 5000.0000, 5500.0000, 1000.0000, 500.0000, 0.0000, 'Email', 'I007', TO_DATE('2019-11-23', 'YYYY-MM-DD'), 'IA007', TO_DATE('2023-01-25', 'YYYY-MM-DD'), 'OA007', TO_DATE('2021-07-16', 'YYYY-MM-DD'));
INSERT INTO Statement (S_ID, S_Period, S_GeneratedDate, S_Type, S_OpeningBalance, S_ClosingBalance, S_TotalInvesment, S_TotalRedemption, S_TotalDividend, S_DeliveryMethod, I_ID, I_RegistrationDate, IA_ID, IA_AccountOpenDate, OA_ID, OA_RegistrationDate) VALUES ('S008', '2023-H1', TO_DATE('2023-11-09', 'YYYY-MM-DD'), 'Half-Yearly', 5000.0000, 5500.0000, 1000.0000, 500.0000, 0.0000, 'Email', 'I008', TO_DATE('2020-09-25', 'YYYY-MM-DD'), 'IA008', TO_DATE('2021-02-22', 'YYYY-MM-DD'), 'OA008', TO_DATE('2022-06-19', 'YYYY-MM-DD'));
INSERT INTO Statement (S_ID, S_Period, S_GeneratedDate, S_Type, S_OpeningBalance, S_ClosingBalance, S_TotalInvesment, S_TotalRedemption, S_TotalDividend, S_DeliveryMethod, I_ID, I_RegistrationDate, IA_ID, IA_AccountOpenDate, OA_ID, OA_RegistrationDate) VALUES ('S009', '2023-H1', TO_DATE('2023-02-20', 'YYYY-MM-DD'), 'Half-Yearly', 5000.0000, 5500.0000, 1000.0000, 500.0000, 0.0000, 'Email', 'I009', TO_DATE('2019-04-27', 'YYYY-MM-DD'), 'IA009', TO_DATE('2023-05-05', 'YYYY-MM-DD'), 'OA009', TO_DATE('2020-06-07', 'YYYY-MM-DD'));
INSERT INTO Statement (S_ID, S_Period, S_GeneratedDate, S_Type, S_OpeningBalance, S_ClosingBalance, S_TotalInvesment, S_TotalRedemption, S_TotalDividend, S_DeliveryMethod, I_ID, I_RegistrationDate, IA_ID, IA_AccountOpenDate, OA_ID, OA_RegistrationDate) VALUES ('S010', '2023-H1', TO_DATE('2023-04-17', 'YYYY-MM-DD'), 'Half-Yearly', 5000.0000, 5500.0000, 1000.0000, 500.0000, 0.0000, 'Email', 'I010', TO_DATE('2017-02-17', 'YYYY-MM-DD'), 'IA010', TO_DATE('2023-06-07', 'YYYY-MM-DD'), 'OA010', TO_DATE('2021-08-08', 'YYYY-MM-DD'));

-- Populating Complaint
INSERT INTO Complaint (C_ID, C_Date, C_Type, C_Description, C_PriorityLevel, C_SubmissionChannel, C_Status, C_AssignedOfficer, C_Resolution, P_ID, P_DateOfBirth, RF_ID, RF_SubmissionDate, FH_ID, FH_DateCreated, F_ID, F_Code, DD_ID, DD_DistributionDate, B_ID, B_BranchCode, R_ID, R_IssueDate, D_ID, D_DeclarationDate, IP_ID, IP_CreationDate, AS_ID, AS_Code, JAPP_ID, JAPP_SubmissionDate, JAD_ID, JAD_PostingDate, JD_ID, JD_CreationDate, T_ID, T_Date, S_ID, S_Period, IA_ID, IA_AccountOpenDate, OA_ID, OA_RegistrationDate) VALUES ('C001', TO_DATE('2023-11-17', 'YYYY-MM-DD'), 'Delay', 'Issue', 'High', 'Email', 'Resolved', 'E001', 'Fixed', 'P011', TO_DATE('1984-03-12', 'YYYY-MM-DD'), 'RF001', TO_DATE('2021-04-26', 'YYYY-MM-DD'), 'FH001', TO_DATE('2022-10-13', 'YYYY-MM-DD'), 'F001', 'FND01', 'DD001', TO_DATE('2023-10-01', 'YYYY-MM-DD'), 'B001', 'BRC101', 'R001', TO_DATE('2023-05-19', 'YYYY-MM-DD'), 'D001', TO_DATE('2023-07-03', 'YYYY-MM-DD'), 'IP001', TO_DATE('2013-01-14', 'YYYY-MM-DD'), 'AS001', 'AST9042', 'JAPP001', TO_DATE('2023-02-17', 'YYYY-MM-DD'), 'JAD001', TO_DATE('2023-01-15', 'YYYY-MM-DD'), 'JD001', TO_DATE('2023-09-08', 'YYYY-MM-DD'), 'T001', TO_DATE('2023-09-07', 'YYYY-MM-DD'), 'S001', '2023-H1', 'IA001', TO_DATE('2022-10-21', 'YYYY-MM-DD'), 'OA001', TO_DATE('2023-07-29', 'YYYY-MM-DD'));
INSERT INTO Complaint (C_ID, C_Date, C_Type, C_Description, C_PriorityLevel, C_SubmissionChannel, C_Status, C_AssignedOfficer, C_Resolution, P_ID, P_DateOfBirth, RF_ID, RF_SubmissionDate, FH_ID, FH_DateCreated, F_ID, F_Code, DD_ID, DD_DistributionDate, B_ID, B_BranchCode, R_ID, R_IssueDate, D_ID, D_DeclarationDate, IP_ID, IP_CreationDate, AS_ID, AS_Code, JAPP_ID, JAPP_SubmissionDate, JAD_ID, JAD_PostingDate, JD_ID, JD_CreationDate, T_ID, T_Date, S_ID, S_Period, IA_ID, IA_AccountOpenDate, OA_ID, OA_RegistrationDate) VALUES ('C002', TO_DATE('2023-04-19', 'YYYY-MM-DD'), 'Delay', 'Issue', 'High', 'Email', 'Resolved', 'E002', 'Fixed', 'P012', TO_DATE('1970-10-21', 'YYYY-MM-DD'), 'RF002', TO_DATE('2021-04-05', 'YYYY-MM-DD'), 'FH002', TO_DATE('2015-09-21', 'YYYY-MM-DD'), 'F002', 'FND02', 'DD002', TO_DATE('2023-03-06', 'YYYY-MM-DD'), 'B002', 'BRC102', 'R002', TO_DATE('2023-10-03', 'YYYY-MM-DD'), 'D002', TO_DATE('2022-07-09', 'YYYY-MM-DD'), 'IP002', TO_DATE('2013-06-09', 'YYYY-MM-DD'), 'AS002', 'AST5658', 'JAPP002', TO_DATE('2023-04-24', 'YYYY-MM-DD'), 'JAD002', TO_DATE('2023-06-16', 'YYYY-MM-DD'), 'JD002', TO_DATE('2023-10-12', 'YYYY-MM-DD'), 'T002', TO_DATE('2023-09-06', 'YYYY-MM-DD'), 'S002', '2023-H1', 'IA002', TO_DATE('2021-04-02', 'YYYY-MM-DD'), 'OA002', TO_DATE('2021-07-21', 'YYYY-MM-DD'));
INSERT INTO Complaint (C_ID, C_Date, C_Type, C_Description, C_PriorityLevel, C_SubmissionChannel, C_Status, C_AssignedOfficer, C_Resolution, P_ID, P_DateOfBirth, RF_ID, RF_SubmissionDate, FH_ID, FH_DateCreated, F_ID, F_Code, DD_ID, DD_DistributionDate, B_ID, B_BranchCode, R_ID, R_IssueDate, D_ID, D_DeclarationDate, IP_ID, IP_CreationDate, AS_ID, AS_Code, JAPP_ID, JAPP_SubmissionDate, JAD_ID, JAD_PostingDate, JD_ID, JD_CreationDate, T_ID, T_Date, S_ID, S_Period, IA_ID, IA_AccountOpenDate, OA_ID, OA_RegistrationDate) VALUES ('C003', TO_DATE('2023-05-16', 'YYYY-MM-DD'), 'Delay', 'Issue', 'High', 'Email', 'Resolved', 'E003', 'Fixed', 'P013', TO_DATE('1971-11-21', 'YYYY-MM-DD'), 'RF003', TO_DATE('2020-02-20', 'YYYY-MM-DD'), 'FH003', TO_DATE('2021-01-31', 'YYYY-MM-DD'), 'F003', 'FND03', 'DD003', TO_DATE('2023-05-21', 'YYYY-MM-DD'), 'B003', 'BRC103', 'R003', TO_DATE('2023-08-27', 'YYYY-MM-DD'), 'D003', TO_DATE('2022-08-10', 'YYYY-MM-DD'), 'IP003', TO_DATE('2012-10-26', 'YYYY-MM-DD'), 'AS003', 'AST8216', 'JAPP003', TO_DATE('2023-12-21', 'YYYY-MM-DD'), 'JAD003', TO_DATE('2023-09-07', 'YYYY-MM-DD'), 'JD003', TO_DATE('2023-05-04', 'YYYY-MM-DD'), 'T003', TO_DATE('2023-12-09', 'YYYY-MM-DD'), 'S003', '2023-H1', 'IA003', TO_DATE('2016-05-12', 'YYYY-MM-DD'), 'OA003', TO_DATE('2022-12-03', 'YYYY-MM-DD'));
INSERT INTO Complaint (C_ID, C_Date, C_Type, C_Description, C_PriorityLevel, C_SubmissionChannel, C_Status, C_AssignedOfficer, C_Resolution, P_ID, P_DateOfBirth, RF_ID, RF_SubmissionDate, FH_ID, FH_DateCreated, F_ID, F_Code, DD_ID, DD_DistributionDate, B_ID, B_BranchCode, R_ID, R_IssueDate, D_ID, D_DeclarationDate, IP_ID, IP_CreationDate, AS_ID, AS_Code, JAPP_ID, JAPP_SubmissionDate, JAD_ID, JAD_PostingDate, JD_ID, JD_CreationDate, T_ID, T_Date, S_ID, S_Period, IA_ID, IA_AccountOpenDate, OA_ID, OA_RegistrationDate) VALUES ('C004', TO_DATE('2023-12-05', 'YYYY-MM-DD'), 'Delay', 'Issue', 'High', 'Email', 'Resolved', 'E004', 'Fixed', 'P014', TO_DATE('1965-06-05', 'YYYY-MM-DD'), 'RF004', TO_DATE('2022-08-31', 'YYYY-MM-DD'), 'FH004', TO_DATE('2017-04-27', 'YYYY-MM-DD'), 'F004', 'FND04', 'DD004', TO_DATE('2023-01-24', 'YYYY-MM-DD'), 'B004', 'BRC104', 'R004', TO_DATE('2023-10-31', 'YYYY-MM-DD'), 'D004', TO_DATE('2022-10-11', 'YYYY-MM-DD'), 'IP004', TO_DATE('2012-08-02', 'YYYY-MM-DD'), 'AS004', 'AST1841', 'JAPP004', TO_DATE('2023-06-06', 'YYYY-MM-DD'), 'JAD004', TO_DATE('2023-07-01', 'YYYY-MM-DD'), 'JD004', TO_DATE('2023-12-20', 'YYYY-MM-DD'), 'T004', TO_DATE('2023-03-26', 'YYYY-MM-DD'), 'S004', '2023-H1', 'IA004', TO_DATE('2020-03-18', 'YYYY-MM-DD'), 'OA004', TO_DATE('2022-09-19', 'YYYY-MM-DD'));
INSERT INTO Complaint (C_ID, C_Date, C_Type, C_Description, C_PriorityLevel, C_SubmissionChannel, C_Status, C_AssignedOfficer, C_Resolution, P_ID, P_DateOfBirth, RF_ID, RF_SubmissionDate, FH_ID, FH_DateCreated, F_ID, F_Code, DD_ID, DD_DistributionDate, B_ID, B_BranchCode, R_ID, R_IssueDate, D_ID, D_DeclarationDate, IP_ID, IP_CreationDate, AS_ID, AS_Code, JAPP_ID, JAPP_SubmissionDate, JAD_ID, JAD_PostingDate, JD_ID, JD_CreationDate, T_ID, T_Date, S_ID, S_Period, IA_ID, IA_AccountOpenDate, OA_ID, OA_RegistrationDate) VALUES ('C005', TO_DATE('2023-02-11', 'YYYY-MM-DD'), 'Delay', 'Issue', 'High', 'Email', 'Resolved', 'E005', 'Fixed', 'P015', TO_DATE('1970-04-08', 'YYYY-MM-DD'), 'RF005', TO_DATE('2022-07-21', 'YYYY-MM-DD'), 'FH005', TO_DATE('2023-08-20', 'YYYY-MM-DD'), 'F005', 'FND05', 'DD005', TO_DATE('2023-01-28', 'YYYY-MM-DD'), 'B005', 'BRC105', 'R005', TO_DATE('2023-06-15', 'YYYY-MM-DD'), 'D005', TO_DATE('2023-06-22', 'YYYY-MM-DD'), 'IP005', TO_DATE('2011-05-10', 'YYYY-MM-DD'), 'AS005', 'AST2869', 'JAPP005', TO_DATE('2023-10-25', 'YYYY-MM-DD'), 'JAD005', TO_DATE('2023-06-24', 'YYYY-MM-DD'), 'JD005', TO_DATE('2023-09-01', 'YYYY-MM-DD'), 'T005', TO_DATE('2023-11-15', 'YYYY-MM-DD'), 'S005', '2023-H1', 'IA005', TO_DATE('2021-04-08', 'YYYY-MM-DD'), 'OA005', TO_DATE('2023-07-07', 'YYYY-MM-DD'));
INSERT INTO Complaint (C_ID, C_Date, C_Type, C_Description, C_PriorityLevel, C_SubmissionChannel, C_Status, C_AssignedOfficer, C_Resolution, P_ID, P_DateOfBirth, RF_ID, RF_SubmissionDate, FH_ID, FH_DateCreated, F_ID, F_Code, DD_ID, DD_DistributionDate, B_ID, B_BranchCode, R_ID, R_IssueDate, D_ID, D_DeclarationDate, IP_ID, IP_CreationDate, AS_ID, AS_Code, JAPP_ID, JAPP_SubmissionDate, JAD_ID, JAD_PostingDate, JD_ID, JD_CreationDate, T_ID, T_Date, S_ID, S_Period, IA_ID, IA_AccountOpenDate, OA_ID, OA_RegistrationDate) VALUES ('C006', TO_DATE('2023-03-22', 'YYYY-MM-DD'), 'Delay', 'Issue', 'High', 'Email', 'Resolved', 'E006', 'Fixed', 'P016', TO_DATE('1992-06-12', 'YYYY-MM-DD'), 'RF006', TO_DATE('2023-03-24', 'YYYY-MM-DD'), 'FH006', TO_DATE('2015-03-22', 'YYYY-MM-DD'), 'F006', 'FND06', 'DD006', TO_DATE('2023-10-11', 'YYYY-MM-DD'), 'B006', 'BRC106', 'R006', TO_DATE('2023-02-14', 'YYYY-MM-DD'), 'D006', TO_DATE('2022-10-17', 'YYYY-MM-DD'), 'IP006', TO_DATE('2018-02-02', 'YYYY-MM-DD'), 'AS006', 'AST9056', 'JAPP006', TO_DATE('2023-08-31', 'YYYY-MM-DD'), 'JAD006', TO_DATE('2023-11-02', 'YYYY-MM-DD'), 'JD006', TO_DATE('2023-11-27', 'YYYY-MM-DD'), 'T006', TO_DATE('2023-10-31', 'YYYY-MM-DD'), 'S006', '2023-H1', 'IA006', TO_DATE('2023-06-21', 'YYYY-MM-DD'), 'OA006', TO_DATE('2021-05-04', 'YYYY-MM-DD'));
INSERT INTO Complaint (C_ID, C_Date, C_Type, C_Description, C_PriorityLevel, C_SubmissionChannel, C_Status, C_AssignedOfficer, C_Resolution, P_ID, P_DateOfBirth, RF_ID, RF_SubmissionDate, FH_ID, FH_DateCreated, F_ID, F_Code, DD_ID, DD_DistributionDate, B_ID, B_BranchCode, R_ID, R_IssueDate, D_ID, D_DeclarationDate, IP_ID, IP_CreationDate, AS_ID, AS_Code, JAPP_ID, JAPP_SubmissionDate, JAD_ID, JAD_PostingDate, JD_ID, JD_CreationDate, T_ID, T_Date, S_ID, S_Period, IA_ID, IA_AccountOpenDate, OA_ID, OA_RegistrationDate) VALUES ('C007', TO_DATE('2023-05-03', 'YYYY-MM-DD'), 'Delay', 'Issue', 'High', 'Email', 'Resolved', 'E007', 'Fixed', 'P017', TO_DATE('1978-06-10', 'YYYY-MM-DD'), 'RF007', TO_DATE('2022-02-25', 'YYYY-MM-DD'), 'FH007', TO_DATE('2019-04-08', 'YYYY-MM-DD'), 'F007', 'FND07', 'DD007', TO_DATE('2023-05-30', 'YYYY-MM-DD'), 'B007', 'BRC107', 'R007', TO_DATE('2023-08-19', 'YYYY-MM-DD'), 'D007', TO_DATE('2022-07-18', 'YYYY-MM-DD'), 'IP007', TO_DATE('2012-02-28', 'YYYY-MM-DD'), 'AS007', 'AST3485', 'JAPP007', TO_DATE('2023-09-29', 'YYYY-MM-DD'), 'JAD007', TO_DATE('2023-05-22', 'YYYY-MM-DD'), 'JD007', TO_DATE('2023-12-31', 'YYYY-MM-DD'), 'T007', TO_DATE('2023-02-12', 'YYYY-MM-DD'), 'S007', '2023-H1', 'IA007', TO_DATE('2023-01-25', 'YYYY-MM-DD'), 'OA007', TO_DATE('2021-07-16', 'YYYY-MM-DD'));
INSERT INTO Complaint (C_ID, C_Date, C_Type, C_Description, C_PriorityLevel, C_SubmissionChannel, C_Status, C_AssignedOfficer, C_Resolution, P_ID, P_DateOfBirth, RF_ID, RF_SubmissionDate, FH_ID, FH_DateCreated, F_ID, F_Code, DD_ID, DD_DistributionDate, B_ID, B_BranchCode, R_ID, R_IssueDate, D_ID, D_DeclarationDate, IP_ID, IP_CreationDate, AS_ID, AS_Code, JAPP_ID, JAPP_SubmissionDate, JAD_ID, JAD_PostingDate, JD_ID, JD_CreationDate, T_ID, T_Date, S_ID, S_Period, IA_ID, IA_AccountOpenDate, OA_ID, OA_RegistrationDate) VALUES ('C008', TO_DATE('2023-03-30', 'YYYY-MM-DD'), 'Delay', 'Issue', 'High', 'Email', 'Resolved', 'E008', 'Fixed', 'P018', TO_DATE('1984-01-21', 'YYYY-MM-DD'), 'RF008', TO_DATE('2021-05-14', 'YYYY-MM-DD'), 'FH008', TO_DATE('2018-05-08', 'YYYY-MM-DD'), 'F008', 'FND08', 'DD008', TO_DATE('2023-12-24', 'YYYY-MM-DD'), 'B008', 'BRC108', 'R008', TO_DATE('2023-08-26', 'YYYY-MM-DD'), 'D008', TO_DATE('2022-08-21', 'YYYY-MM-DD'), 'IP008', TO_DATE('2013-07-16', 'YYYY-MM-DD'), 'AS008', 'AST2395', 'JAPP008', TO_DATE('2023-08-06', 'YYYY-MM-DD'), 'JAD008', TO_DATE('2023-01-06', 'YYYY-MM-DD'), 'JD008', TO_DATE('2023-09-09', 'YYYY-MM-DD'), 'T008', TO_DATE('2023-08-25', 'YYYY-MM-DD'), 'S008', '2023-H1', 'IA008', TO_DATE('2021-02-22', 'YYYY-MM-DD'), 'OA008', TO_DATE('2022-06-19', 'YYYY-MM-DD'));
INSERT INTO Complaint (C_ID, C_Date, C_Type, C_Description, C_PriorityLevel, C_SubmissionChannel, C_Status, C_AssignedOfficer, C_Resolution, P_ID, P_DateOfBirth, RF_ID, RF_SubmissionDate, FH_ID, FH_DateCreated, F_ID, F_Code, DD_ID, DD_DistributionDate, B_ID, B_BranchCode, R_ID, R_IssueDate, D_ID, D_DeclarationDate, IP_ID, IP_CreationDate, AS_ID, AS_Code, JAPP_ID, JAPP_SubmissionDate, JAD_ID, JAD_PostingDate, JD_ID, JD_CreationDate, T_ID, T_Date, S_ID, S_Period, IA_ID, IA_AccountOpenDate, OA_ID, OA_RegistrationDate) VALUES ('C009', TO_DATE('2023-10-10', 'YYYY-MM-DD'), 'Delay', 'Issue', 'High', 'Email', 'Resolved', 'E009', 'Fixed', 'P019', TO_DATE('1962-04-08', 'YYYY-MM-DD'), 'RF009', TO_DATE('2023-11-09', 'YYYY-MM-DD'), 'FH009', TO_DATE('2021-01-13', 'YYYY-MM-DD'), 'F009', 'FND09', 'DD009', TO_DATE('2023-03-06', 'YYYY-MM-DD'), 'B009', 'BRC109', 'R009', TO_DATE('2023-11-09', 'YYYY-MM-DD'), 'D009', TO_DATE('2022-07-03', 'YYYY-MM-DD'), 'IP009', TO_DATE('2011-05-05', 'YYYY-MM-DD'), 'AS009', 'AST7818', 'JAPP009', TO_DATE('2023-06-19', 'YYYY-MM-DD'), 'JAD009', TO_DATE('2023-04-08', 'YYYY-MM-DD'), 'JD009', TO_DATE('2023-08-18', 'YYYY-MM-DD'), 'T009', TO_DATE('2023-07-14', 'YYYY-MM-DD'), 'S009', '2023-H1', 'IA009', TO_DATE('2023-05-05', 'YYYY-MM-DD'), 'OA009', TO_DATE('2020-06-07', 'YYYY-MM-DD'));
INSERT INTO Complaint (C_ID, C_Date, C_Type, C_Description, C_PriorityLevel, C_SubmissionChannel, C_Status, C_AssignedOfficer, C_Resolution, P_ID, P_DateOfBirth, RF_ID, RF_SubmissionDate, FH_ID, FH_DateCreated, F_ID, F_Code, DD_ID, DD_DistributionDate, B_ID, B_BranchCode, R_ID, R_IssueDate, D_ID, D_DeclarationDate, IP_ID, IP_CreationDate, AS_ID, AS_Code, JAPP_ID, JAPP_SubmissionDate, JAD_ID, JAD_PostingDate, JD_ID, JD_CreationDate, T_ID, T_Date, S_ID, S_Period, IA_ID, IA_AccountOpenDate, OA_ID, OA_RegistrationDate) VALUES ('C010', TO_DATE('2023-02-08', 'YYYY-MM-DD'), 'Delay', 'Issue', 'High', 'Email', 'Resolved', 'E010', 'Fixed', 'P020', TO_DATE('2000-06-24', 'YYYY-MM-DD'), 'RF010', TO_DATE('2022-05-20', 'YYYY-MM-DD'), 'FH010', TO_DATE('2023-12-21', 'YYYY-MM-DD'), 'F010', 'FND10', 'DD010', TO_DATE('2023-11-23', 'YYYY-MM-DD'), 'B010', 'BRC110', 'R010', TO_DATE('2023-07-14', 'YYYY-MM-DD'), 'D010', TO_DATE('2022-01-15', 'YYYY-MM-DD'), 'IP010', TO_DATE('2018-05-01', 'YYYY-MM-DD'), 'AS010', 'AST7232', 'JAPP010', TO_DATE('2023-12-26', 'YYYY-MM-DD'), 'JAD010', TO_DATE('2023-05-04', 'YYYY-MM-DD'), 'JD010', TO_DATE('2023-01-09', 'YYYY-MM-DD'), 'T010', TO_DATE('2023-06-17', 'YYYY-MM-DD'), 'S010', '2023-H1', 'IA010', TO_DATE('2023-06-07', 'YYYY-MM-DD'), 'OA010', TO_DATE('2021-08-08', 'YYYY-MM-DD'));

-- Populating P_P_EXP
INSERT INTO P_P_EXP (P_ID1, P_DateOfBirth1, P_ID2, P_DateOfBirth2) VALUES ('P001', TO_DATE('1969-08-28', 'YYYY-MM-DD'), 'P011', TO_DATE('1984-03-12', 'YYYY-MM-DD'));
INSERT INTO P_P_EXP (P_ID1, P_DateOfBirth1, P_ID2, P_DateOfBirth2) VALUES ('P002', TO_DATE('1992-09-24', 'YYYY-MM-DD'), 'P012', TO_DATE('1970-10-21', 'YYYY-MM-DD'));
INSERT INTO P_P_EXP (P_ID1, P_DateOfBirth1, P_ID2, P_DateOfBirth2) VALUES ('P003', TO_DATE('1962-01-20', 'YYYY-MM-DD'), 'P013', TO_DATE('1971-11-21', 'YYYY-MM-DD'));
INSERT INTO P_P_EXP (P_ID1, P_DateOfBirth1, P_ID2, P_DateOfBirth2) VALUES ('P004', TO_DATE('1967-04-18', 'YYYY-MM-DD'), 'P014', TO_DATE('1965-06-05', 'YYYY-MM-DD'));
INSERT INTO P_P_EXP (P_ID1, P_DateOfBirth1, P_ID2, P_DateOfBirth2) VALUES ('P005', TO_DATE('1972-02-09', 'YYYY-MM-DD'), 'P015', TO_DATE('1970-04-08', 'YYYY-MM-DD'));
INSERT INTO P_P_EXP (P_ID1, P_DateOfBirth1, P_ID2, P_DateOfBirth2) VALUES ('P006', TO_DATE('2000-12-16', 'YYYY-MM-DD'), 'P016', TO_DATE('1992-06-12', 'YYYY-MM-DD'));
INSERT INTO P_P_EXP (P_ID1, P_DateOfBirth1, P_ID2, P_DateOfBirth2) VALUES ('P007', TO_DATE('1993-07-05', 'YYYY-MM-DD'), 'P017', TO_DATE('1978-06-10', 'YYYY-MM-DD'));
INSERT INTO P_P_EXP (P_ID1, P_DateOfBirth1, P_ID2, P_DateOfBirth2) VALUES ('P008', TO_DATE('1998-08-17', 'YYYY-MM-DD'), 'P018', TO_DATE('1984-01-21', 'YYYY-MM-DD'));
INSERT INTO P_P_EXP (P_ID1, P_DateOfBirth1, P_ID2, P_DateOfBirth2) VALUES ('P009', TO_DATE('1984-10-25', 'YYYY-MM-DD'), 'P019', TO_DATE('1962-04-08', 'YYYY-MM-DD'));
INSERT INTO P_P_EXP (P_ID1, P_DateOfBirth1, P_ID2, P_DateOfBirth2) VALUES ('P010', TO_DATE('1960-02-23', 'YYYY-MM-DD'), 'P020', TO_DATE('2000-06-24', 'YYYY-MM-DD'));

-- Populating I_D_EXP
INSERT INTO I_D_EXP (I_ID, I_RegistrationDate, D_ID, D_DeclarationDate) VALUES ('I001', TO_DATE('2016-04-17', 'YYYY-MM-DD'), 'D001', TO_DATE('2023-07-03', 'YYYY-MM-DD'));
INSERT INTO I_D_EXP (I_ID, I_RegistrationDate, D_ID, D_DeclarationDate) VALUES ('I002', TO_DATE('2017-01-01', 'YYYY-MM-DD'), 'D002', TO_DATE('2022-07-09', 'YYYY-MM-DD'));
INSERT INTO I_D_EXP (I_ID, I_RegistrationDate, D_ID, D_DeclarationDate) VALUES ('I003', TO_DATE('2017-12-23', 'YYYY-MM-DD'), 'D003', TO_DATE('2022-08-10', 'YYYY-MM-DD'));
INSERT INTO I_D_EXP (I_ID, I_RegistrationDate, D_ID, D_DeclarationDate) VALUES ('I004', TO_DATE('2016-03-20', 'YYYY-MM-DD'), 'D004', TO_DATE('2022-10-11', 'YYYY-MM-DD'));
INSERT INTO I_D_EXP (I_ID, I_RegistrationDate, D_ID, D_DeclarationDate) VALUES ('I005', TO_DATE('2019-11-15', 'YYYY-MM-DD'), 'D005', TO_DATE('2023-06-22', 'YYYY-MM-DD'));
INSERT INTO I_D_EXP (I_ID, I_RegistrationDate, D_ID, D_DeclarationDate) VALUES ('I006', TO_DATE('2023-03-04', 'YYYY-MM-DD'), 'D006', TO_DATE('2022-10-17', 'YYYY-MM-DD'));
INSERT INTO I_D_EXP (I_ID, I_RegistrationDate, D_ID, D_DeclarationDate) VALUES ('I007', TO_DATE('2019-11-23', 'YYYY-MM-DD'), 'D007', TO_DATE('2022-07-18', 'YYYY-MM-DD'));
INSERT INTO I_D_EXP (I_ID, I_RegistrationDate, D_ID, D_DeclarationDate) VALUES ('I008', TO_DATE('2020-09-25', 'YYYY-MM-DD'), 'D008', TO_DATE('2022-08-21', 'YYYY-MM-DD'));
INSERT INTO I_D_EXP (I_ID, I_RegistrationDate, D_ID, D_DeclarationDate) VALUES ('I009', TO_DATE('2019-04-27', 'YYYY-MM-DD'), 'D009', TO_DATE('2022-07-03', 'YYYY-MM-DD'));
INSERT INTO I_D_EXP (I_ID, I_RegistrationDate, D_ID, D_DeclarationDate) VALUES ('I010', TO_DATE('2017-02-17', 'YYYY-MM-DD'), 'D010', TO_DATE('2022-01-15', 'YYYY-MM-DD'));

-- Populating I_B_EXP
INSERT INTO I_B_EXP (I_ID, I_RegistrationDate, B_ID, B_BranchCode) VALUES ('I001', TO_DATE('2016-04-17', 'YYYY-MM-DD'), 'B001', 'BRC101');
INSERT INTO I_B_EXP (I_ID, I_RegistrationDate, B_ID, B_BranchCode) VALUES ('I002', TO_DATE('2017-01-01', 'YYYY-MM-DD'), 'B002', 'BRC102');
INSERT INTO I_B_EXP (I_ID, I_RegistrationDate, B_ID, B_BranchCode) VALUES ('I003', TO_DATE('2017-12-23', 'YYYY-MM-DD'), 'B003', 'BRC103');
INSERT INTO I_B_EXP (I_ID, I_RegistrationDate, B_ID, B_BranchCode) VALUES ('I004', TO_DATE('2016-03-20', 'YYYY-MM-DD'), 'B004', 'BRC104');
INSERT INTO I_B_EXP (I_ID, I_RegistrationDate, B_ID, B_BranchCode) VALUES ('I005', TO_DATE('2019-11-15', 'YYYY-MM-DD'), 'B005', 'BRC105');
INSERT INTO I_B_EXP (I_ID, I_RegistrationDate, B_ID, B_BranchCode) VALUES ('I006', TO_DATE('2023-03-04', 'YYYY-MM-DD'), 'B006', 'BRC106');
INSERT INTO I_B_EXP (I_ID, I_RegistrationDate, B_ID, B_BranchCode) VALUES ('I007', TO_DATE('2019-11-23', 'YYYY-MM-DD'), 'B007', 'BRC107');
INSERT INTO I_B_EXP (I_ID, I_RegistrationDate, B_ID, B_BranchCode) VALUES ('I008', TO_DATE('2020-09-25', 'YYYY-MM-DD'), 'B008', 'BRC108');
INSERT INTO I_B_EXP (I_ID, I_RegistrationDate, B_ID, B_BranchCode) VALUES ('I009', TO_DATE('2019-04-27', 'YYYY-MM-DD'), 'B009', 'BRC109');
INSERT INTO I_B_EXP (I_ID, I_RegistrationDate, B_ID, B_BranchCode) VALUES ('I010', TO_DATE('2017-02-17', 'YYYY-MM-DD'), 'B010', 'BRC110');

-- Populating E_IA_EXP
INSERT INTO E_IA_EXP (E_ID, E_HireDate, IA_ID, IA_AccountOpenDate) VALUES ('E001', TO_DATE('2016-11-30', 'YYYY-MM-DD'), 'IA001', TO_DATE('2022-10-21', 'YYYY-MM-DD'));
INSERT INTO E_IA_EXP (E_ID, E_HireDate, IA_ID, IA_AccountOpenDate) VALUES ('E002', TO_DATE('2015-08-07', 'YYYY-MM-DD'), 'IA002', TO_DATE('2021-04-02', 'YYYY-MM-DD'));
INSERT INTO E_IA_EXP (E_ID, E_HireDate, IA_ID, IA_AccountOpenDate) VALUES ('E003', TO_DATE('2013-06-20', 'YYYY-MM-DD'), 'IA003', TO_DATE('2016-05-12', 'YYYY-MM-DD'));
INSERT INTO E_IA_EXP (E_ID, E_HireDate, IA_ID, IA_AccountOpenDate) VALUES ('E004', TO_DATE('2010-07-23', 'YYYY-MM-DD'), 'IA004', TO_DATE('2020-03-18', 'YYYY-MM-DD'));
INSERT INTO E_IA_EXP (E_ID, E_HireDate, IA_ID, IA_AccountOpenDate) VALUES ('E005', TO_DATE('2015-07-26', 'YYYY-MM-DD'), 'IA005', TO_DATE('2021-04-08', 'YYYY-MM-DD'));
INSERT INTO E_IA_EXP (E_ID, E_HireDate, IA_ID, IA_AccountOpenDate) VALUES ('E006', TO_DATE('2018-07-31', 'YYYY-MM-DD'), 'IA006', TO_DATE('2023-06-21', 'YYYY-MM-DD'));
INSERT INTO E_IA_EXP (E_ID, E_HireDate, IA_ID, IA_AccountOpenDate) VALUES ('E007', TO_DATE('2020-04-28', 'YYYY-MM-DD'), 'IA007', TO_DATE('2023-01-25', 'YYYY-MM-DD'));
INSERT INTO E_IA_EXP (E_ID, E_HireDate, IA_ID, IA_AccountOpenDate) VALUES ('E008', TO_DATE('2010-07-13', 'YYYY-MM-DD'), 'IA008', TO_DATE('2021-02-22', 'YYYY-MM-DD'));
INSERT INTO E_IA_EXP (E_ID, E_HireDate, IA_ID, IA_AccountOpenDate) VALUES ('E009', TO_DATE('2016-04-01', 'YYYY-MM-DD'), 'IA009', TO_DATE('2023-05-05', 'YYYY-MM-DD'));
INSERT INTO E_IA_EXP (E_ID, E_HireDate, IA_ID, IA_AccountOpenDate) VALUES ('E010', TO_DATE('2018-12-19', 'YYYY-MM-DD'), 'IA010', TO_DATE('2023-06-07', 'YYYY-MM-DD'));

-- Populating E_OA_EXP
INSERT INTO E_OA_EXP (E_ID, E_HireDate, OA_ID, OA_RegistrationDate) VALUES ('E001', TO_DATE('2016-11-30', 'YYYY-MM-DD'), 'OA001', TO_DATE('2023-07-29', 'YYYY-MM-DD'));
INSERT INTO E_OA_EXP (E_ID, E_HireDate, OA_ID, OA_RegistrationDate) VALUES ('E002', TO_DATE('2015-08-07', 'YYYY-MM-DD'), 'OA002', TO_DATE('2021-07-21', 'YYYY-MM-DD'));
INSERT INTO E_OA_EXP (E_ID, E_HireDate, OA_ID, OA_RegistrationDate) VALUES ('E003', TO_DATE('2013-06-20', 'YYYY-MM-DD'), 'OA003', TO_DATE('2022-12-03', 'YYYY-MM-DD'));
INSERT INTO E_OA_EXP (E_ID, E_HireDate, OA_ID, OA_RegistrationDate) VALUES ('E004', TO_DATE('2010-07-23', 'YYYY-MM-DD'), 'OA004', TO_DATE('2022-09-19', 'YYYY-MM-DD'));
INSERT INTO E_OA_EXP (E_ID, E_HireDate, OA_ID, OA_RegistrationDate) VALUES ('E005', TO_DATE('2015-07-26', 'YYYY-MM-DD'), 'OA005', TO_DATE('2023-07-07', 'YYYY-MM-DD'));
INSERT INTO E_OA_EXP (E_ID, E_HireDate, OA_ID, OA_RegistrationDate) VALUES ('E006', TO_DATE('2018-07-31', 'YYYY-MM-DD'), 'OA006', TO_DATE('2021-05-04', 'YYYY-MM-DD'));
INSERT INTO E_OA_EXP (E_ID, E_HireDate, OA_ID, OA_RegistrationDate) VALUES ('E007', TO_DATE('2020-04-28', 'YYYY-MM-DD'), 'OA007', TO_DATE('2021-07-16', 'YYYY-MM-DD'));
INSERT INTO E_OA_EXP (E_ID, E_HireDate, OA_ID, OA_RegistrationDate) VALUES ('E008', TO_DATE('2010-07-13', 'YYYY-MM-DD'), 'OA008', TO_DATE('2022-06-19', 'YYYY-MM-DD'));
INSERT INTO E_OA_EXP (E_ID, E_HireDate, OA_ID, OA_RegistrationDate) VALUES ('E009', TO_DATE('2016-04-01', 'YYYY-MM-DD'), 'OA009', TO_DATE('2020-06-07', 'YYYY-MM-DD'));
INSERT INTO E_OA_EXP (E_ID, E_HireDate, OA_ID, OA_RegistrationDate) VALUES ('E010', TO_DATE('2018-12-19', 'YYYY-MM-DD'), 'OA010', TO_DATE('2021-08-08', 'YYYY-MM-DD'));

-- Populating E_FH_EXP
INSERT INTO E_FH_EXP (E_ID, E_HireDate, FH_ID, FH_DateCreated) VALUES ('E001', TO_DATE('2016-11-30', 'YYYY-MM-DD'), 'FH001', TO_DATE('2022-10-13', 'YYYY-MM-DD'));
INSERT INTO E_FH_EXP (E_ID, E_HireDate, FH_ID, FH_DateCreated) VALUES ('E002', TO_DATE('2015-08-07', 'YYYY-MM-DD'), 'FH002', TO_DATE('2015-09-21', 'YYYY-MM-DD'));
INSERT INTO E_FH_EXP (E_ID, E_HireDate, FH_ID, FH_DateCreated) VALUES ('E003', TO_DATE('2013-06-20', 'YYYY-MM-DD'), 'FH003', TO_DATE('2021-01-31', 'YYYY-MM-DD'));
INSERT INTO E_FH_EXP (E_ID, E_HireDate, FH_ID, FH_DateCreated) VALUES ('E004', TO_DATE('2010-07-23', 'YYYY-MM-DD'), 'FH004', TO_DATE('2017-04-27', 'YYYY-MM-DD'));
INSERT INTO E_FH_EXP (E_ID, E_HireDate, FH_ID, FH_DateCreated) VALUES ('E005', TO_DATE('2015-07-26', 'YYYY-MM-DD'), 'FH005', TO_DATE('2023-08-20', 'YYYY-MM-DD'));
INSERT INTO E_FH_EXP (E_ID, E_HireDate, FH_ID, FH_DateCreated) VALUES ('E006', TO_DATE('2018-07-31', 'YYYY-MM-DD'), 'FH006', TO_DATE('2015-03-22', 'YYYY-MM-DD'));
INSERT INTO E_FH_EXP (E_ID, E_HireDate, FH_ID, FH_DateCreated) VALUES ('E007', TO_DATE('2020-04-28', 'YYYY-MM-DD'), 'FH007', TO_DATE('2019-04-08', 'YYYY-MM-DD'));
INSERT INTO E_FH_EXP (E_ID, E_HireDate, FH_ID, FH_DateCreated) VALUES ('E008', TO_DATE('2010-07-13', 'YYYY-MM-DD'), 'FH008', TO_DATE('2018-05-08', 'YYYY-MM-DD'));
INSERT INTO E_FH_EXP (E_ID, E_HireDate, FH_ID, FH_DateCreated) VALUES ('E009', TO_DATE('2016-04-01', 'YYYY-MM-DD'), 'FH009', TO_DATE('2021-01-13', 'YYYY-MM-DD'));
INSERT INTO E_FH_EXP (E_ID, E_HireDate, FH_ID, FH_DateCreated) VALUES ('E010', TO_DATE('2018-12-19', 'YYYY-MM-DD'), 'FH010', TO_DATE('2023-12-21', 'YYYY-MM-DD'));

-- Populating E_DD_EXP
INSERT INTO E_DD_EXP (E_ID, E_HireDate, DD_ID, DD_DistributionDate) VALUES ('E001', TO_DATE('2016-11-30', 'YYYY-MM-DD'), 'DD001', TO_DATE('2023-10-01', 'YYYY-MM-DD'));
INSERT INTO E_DD_EXP (E_ID, E_HireDate, DD_ID, DD_DistributionDate) VALUES ('E002', TO_DATE('2015-08-07', 'YYYY-MM-DD'), 'DD002', TO_DATE('2023-03-06', 'YYYY-MM-DD'));
INSERT INTO E_DD_EXP (E_ID, E_HireDate, DD_ID, DD_DistributionDate) VALUES ('E003', TO_DATE('2013-06-20', 'YYYY-MM-DD'), 'DD003', TO_DATE('2023-05-21', 'YYYY-MM-DD'));
INSERT INTO E_DD_EXP (E_ID, E_HireDate, DD_ID, DD_DistributionDate) VALUES ('E004', TO_DATE('2010-07-23', 'YYYY-MM-DD'), 'DD004', TO_DATE('2023-01-24', 'YYYY-MM-DD'));
INSERT INTO E_DD_EXP (E_ID, E_HireDate, DD_ID, DD_DistributionDate) VALUES ('E005', TO_DATE('2015-07-26', 'YYYY-MM-DD'), 'DD005', TO_DATE('2023-01-28', 'YYYY-MM-DD'));
INSERT INTO E_DD_EXP (E_ID, E_HireDate, DD_ID, DD_DistributionDate) VALUES ('E006', TO_DATE('2018-07-31', 'YYYY-MM-DD'), 'DD006', TO_DATE('2023-10-11', 'YYYY-MM-DD'));
INSERT INTO E_DD_EXP (E_ID, E_HireDate, DD_ID, DD_DistributionDate) VALUES ('E007', TO_DATE('2020-04-28', 'YYYY-MM-DD'), 'DD007', TO_DATE('2023-05-30', 'YYYY-MM-DD'));
INSERT INTO E_DD_EXP (E_ID, E_HireDate, DD_ID, DD_DistributionDate) VALUES ('E008', TO_DATE('2010-07-13', 'YYYY-MM-DD'), 'DD008', TO_DATE('2023-12-24', 'YYYY-MM-DD'));
INSERT INTO E_DD_EXP (E_ID, E_HireDate, DD_ID, DD_DistributionDate) VALUES ('E009', TO_DATE('2016-04-01', 'YYYY-MM-DD'), 'DD009', TO_DATE('2023-03-06', 'YYYY-MM-DD'));
INSERT INTO E_DD_EXP (E_ID, E_HireDate, DD_ID, DD_DistributionDate) VALUES ('E010', TO_DATE('2018-12-19', 'YYYY-MM-DD'), 'DD010', TO_DATE('2023-11-23', 'YYYY-MM-DD'));

-- Populating E_JD_EXP
INSERT INTO E_JD_EXP (E_ID, E_HireDate, JD_ID, JD_CreationDate) VALUES ('E001', TO_DATE('2016-11-30', 'YYYY-MM-DD'), 'JD001', TO_DATE('2023-09-08', 'YYYY-MM-DD'));
INSERT INTO E_JD_EXP (E_ID, E_HireDate, JD_ID, JD_CreationDate) VALUES ('E002', TO_DATE('2015-08-07', 'YYYY-MM-DD'), 'JD002', TO_DATE('2023-10-12', 'YYYY-MM-DD'));
INSERT INTO E_JD_EXP (E_ID, E_HireDate, JD_ID, JD_CreationDate) VALUES ('E003', TO_DATE('2013-06-20', 'YYYY-MM-DD'), 'JD003', TO_DATE('2023-05-04', 'YYYY-MM-DD'));
INSERT INTO E_JD_EXP (E_ID, E_HireDate, JD_ID, JD_CreationDate) VALUES ('E004', TO_DATE('2010-07-23', 'YYYY-MM-DD'), 'JD004', TO_DATE('2023-12-20', 'YYYY-MM-DD'));
INSERT INTO E_JD_EXP (E_ID, E_HireDate, JD_ID, JD_CreationDate) VALUES ('E005', TO_DATE('2015-07-26', 'YYYY-MM-DD'), 'JD005', TO_DATE('2023-09-01', 'YYYY-MM-DD'));
INSERT INTO E_JD_EXP (E_ID, E_HireDate, JD_ID, JD_CreationDate) VALUES ('E006', TO_DATE('2018-07-31', 'YYYY-MM-DD'), 'JD006', TO_DATE('2023-11-27', 'YYYY-MM-DD'));
INSERT INTO E_JD_EXP (E_ID, E_HireDate, JD_ID, JD_CreationDate) VALUES ('E007', TO_DATE('2020-04-28', 'YYYY-MM-DD'), 'JD007', TO_DATE('2023-12-31', 'YYYY-MM-DD'));
INSERT INTO E_JD_EXP (E_ID, E_HireDate, JD_ID, JD_CreationDate) VALUES ('E008', TO_DATE('2010-07-13', 'YYYY-MM-DD'), 'JD008', TO_DATE('2023-09-09', 'YYYY-MM-DD'));
INSERT INTO E_JD_EXP (E_ID, E_HireDate, JD_ID, JD_CreationDate) VALUES ('E009', TO_DATE('2016-04-01', 'YYYY-MM-DD'), 'JD009', TO_DATE('2023-08-18', 'YYYY-MM-DD'));
INSERT INTO E_JD_EXP (E_ID, E_HireDate, JD_ID, JD_CreationDate) VALUES ('E010', TO_DATE('2018-12-19', 'YYYY-MM-DD'), 'JD010', TO_DATE('2023-01-09', 'YYYY-MM-DD'));

-- Populating E_JAD_EXP
INSERT INTO E_JAD_EXP (E_ID, E_HireDate, JAD_ID, JAD_PostingDate) VALUES ('E001', TO_DATE('2016-11-30', 'YYYY-MM-DD'), 'JAD001', TO_DATE('2023-01-15', 'YYYY-MM-DD'));
INSERT INTO E_JAD_EXP (E_ID, E_HireDate, JAD_ID, JAD_PostingDate) VALUES ('E002', TO_DATE('2015-08-07', 'YYYY-MM-DD'), 'JAD002', TO_DATE('2023-06-16', 'YYYY-MM-DD'));
INSERT INTO E_JAD_EXP (E_ID, E_HireDate, JAD_ID, JAD_PostingDate) VALUES ('E003', TO_DATE('2013-06-20', 'YYYY-MM-DD'), 'JAD003', TO_DATE('2023-09-07', 'YYYY-MM-DD'));
INSERT INTO E_JAD_EXP (E_ID, E_HireDate, JAD_ID, JAD_PostingDate) VALUES ('E004', TO_DATE('2010-07-23', 'YYYY-MM-DD'), 'JAD004', TO_DATE('2023-07-01', 'YYYY-MM-DD'));
INSERT INTO E_JAD_EXP (E_ID, E_HireDate, JAD_ID, JAD_PostingDate) VALUES ('E005', TO_DATE('2015-07-26', 'YYYY-MM-DD'), 'JAD005', TO_DATE('2023-06-24', 'YYYY-MM-DD'));
INSERT INTO E_JAD_EXP (E_ID, E_HireDate, JAD_ID, JAD_PostingDate) VALUES ('E006', TO_DATE('2018-07-31', 'YYYY-MM-DD'), 'JAD006', TO_DATE('2023-11-02', 'YYYY-MM-DD'));
INSERT INTO E_JAD_EXP (E_ID, E_HireDate, JAD_ID, JAD_PostingDate) VALUES ('E007', TO_DATE('2020-04-28', 'YYYY-MM-DD'), 'JAD007', TO_DATE('2023-05-22', 'YYYY-MM-DD'));
INSERT INTO E_JAD_EXP (E_ID, E_HireDate, JAD_ID, JAD_PostingDate) VALUES ('E008', TO_DATE('2010-07-13', 'YYYY-MM-DD'), 'JAD008', TO_DATE('2023-01-06', 'YYYY-MM-DD'));
INSERT INTO E_JAD_EXP (E_ID, E_HireDate, JAD_ID, JAD_PostingDate) VALUES ('E009', TO_DATE('2016-04-01', 'YYYY-MM-DD'), 'JAD009', TO_DATE('2023-04-08', 'YYYY-MM-DD'));
INSERT INTO E_JAD_EXP (E_ID, E_HireDate, JAD_ID, JAD_PostingDate) VALUES ('E010', TO_DATE('2018-12-19', 'YYYY-MM-DD'), 'JAD010', TO_DATE('2023-05-04', 'YYYY-MM-DD'));

-- Populating E_F_EXP
INSERT INTO E_F_EXP (E_ID, E_HireDate, F_ID, F_Code) VALUES ('E001', TO_DATE('2016-11-30', 'YYYY-MM-DD'), 'F001', 'FND01');
INSERT INTO E_F_EXP (E_ID, E_HireDate, F_ID, F_Code) VALUES ('E002', TO_DATE('2015-08-07', 'YYYY-MM-DD'), 'F002', 'FND02');
INSERT INTO E_F_EXP (E_ID, E_HireDate, F_ID, F_Code) VALUES ('E003', TO_DATE('2013-06-20', 'YYYY-MM-DD'), 'F003', 'FND03');
INSERT INTO E_F_EXP (E_ID, E_HireDate, F_ID, F_Code) VALUES ('E004', TO_DATE('2010-07-23', 'YYYY-MM-DD'), 'F004', 'FND04');
INSERT INTO E_F_EXP (E_ID, E_HireDate, F_ID, F_Code) VALUES ('E005', TO_DATE('2015-07-26', 'YYYY-MM-DD'), 'F005', 'FND05');
INSERT INTO E_F_EXP (E_ID, E_HireDate, F_ID, F_Code) VALUES ('E006', TO_DATE('2018-07-31', 'YYYY-MM-DD'), 'F006', 'FND06');
INSERT INTO E_F_EXP (E_ID, E_HireDate, F_ID, F_Code) VALUES ('E007', TO_DATE('2020-04-28', 'YYYY-MM-DD'), 'F007', 'FND07');
INSERT INTO E_F_EXP (E_ID, E_HireDate, F_ID, F_Code) VALUES ('E008', TO_DATE('2010-07-13', 'YYYY-MM-DD'), 'F008', 'FND08');
INSERT INTO E_F_EXP (E_ID, E_HireDate, F_ID, F_Code) VALUES ('E009', TO_DATE('2016-04-01', 'YYYY-MM-DD'), 'F009', 'FND09');
INSERT INTO E_F_EXP (E_ID, E_HireDate, F_ID, F_Code) VALUES ('E010', TO_DATE('2018-12-19', 'YYYY-MM-DD'), 'F010', 'FND10');

-- Populating E_IP_EXP
INSERT INTO E_IP_EXP (E_ID, E_HireDate, IP_ID, IP_CreationDate) VALUES ('E001', TO_DATE('2016-11-30', 'YYYY-MM-DD'), 'IP001', TO_DATE('2013-01-14', 'YYYY-MM-DD'));
INSERT INTO E_IP_EXP (E_ID, E_HireDate, IP_ID, IP_CreationDate) VALUES ('E002', TO_DATE('2015-08-07', 'YYYY-MM-DD'), 'IP002', TO_DATE('2013-06-09', 'YYYY-MM-DD'));
INSERT INTO E_IP_EXP (E_ID, E_HireDate, IP_ID, IP_CreationDate) VALUES ('E003', TO_DATE('2013-06-20', 'YYYY-MM-DD'), 'IP003', TO_DATE('2012-10-26', 'YYYY-MM-DD'));
INSERT INTO E_IP_EXP (E_ID, E_HireDate, IP_ID, IP_CreationDate) VALUES ('E004', TO_DATE('2010-07-23', 'YYYY-MM-DD'), 'IP004', TO_DATE('2012-08-02', 'YYYY-MM-DD'));
INSERT INTO E_IP_EXP (E_ID, E_HireDate, IP_ID, IP_CreationDate) VALUES ('E005', TO_DATE('2015-07-26', 'YYYY-MM-DD'), 'IP005', TO_DATE('2011-05-10', 'YYYY-MM-DD'));
INSERT INTO E_IP_EXP (E_ID, E_HireDate, IP_ID, IP_CreationDate) VALUES ('E006', TO_DATE('2018-07-31', 'YYYY-MM-DD'), 'IP006', TO_DATE('2018-02-02', 'YYYY-MM-DD'));
INSERT INTO E_IP_EXP (E_ID, E_HireDate, IP_ID, IP_CreationDate) VALUES ('E007', TO_DATE('2020-04-28', 'YYYY-MM-DD'), 'IP007', TO_DATE('2012-02-28', 'YYYY-MM-DD'));
INSERT INTO E_IP_EXP (E_ID, E_HireDate, IP_ID, IP_CreationDate) VALUES ('E008', TO_DATE('2010-07-13', 'YYYY-MM-DD'), 'IP008', TO_DATE('2013-07-16', 'YYYY-MM-DD'));
INSERT INTO E_IP_EXP (E_ID, E_HireDate, IP_ID, IP_CreationDate) VALUES ('E009', TO_DATE('2016-04-01', 'YYYY-MM-DD'), 'IP009', TO_DATE('2011-05-05', 'YYYY-MM-DD'));
INSERT INTO E_IP_EXP (E_ID, E_HireDate, IP_ID, IP_CreationDate) VALUES ('E010', TO_DATE('2018-12-19', 'YYYY-MM-DD'), 'IP010', TO_DATE('2018-05-01', 'YYYY-MM-DD'));

-- Populating JAD_JD_EXP
INSERT INTO JAD_JD_EXP (JAD_ID, JAD_PostingDate, JD_ID, JD_CreationDate) VALUES ('JAD001', TO_DATE('2023-01-15', 'YYYY-MM-DD'), 'JD001', TO_DATE('2023-09-08', 'YYYY-MM-DD'));
INSERT INTO JAD_JD_EXP (JAD_ID, JAD_PostingDate, JD_ID, JD_CreationDate) VALUES ('JAD002', TO_DATE('2023-06-16', 'YYYY-MM-DD'), 'JD002', TO_DATE('2023-10-12', 'YYYY-MM-DD'));
INSERT INTO JAD_JD_EXP (JAD_ID, JAD_PostingDate, JD_ID, JD_CreationDate) VALUES ('JAD003', TO_DATE('2023-09-07', 'YYYY-MM-DD'), 'JD003', TO_DATE('2023-05-04', 'YYYY-MM-DD'));
INSERT INTO JAD_JD_EXP (JAD_ID, JAD_PostingDate, JD_ID, JD_CreationDate) VALUES ('JAD004', TO_DATE('2023-07-01', 'YYYY-MM-DD'), 'JD004', TO_DATE('2023-12-20', 'YYYY-MM-DD'));
INSERT INTO JAD_JD_EXP (JAD_ID, JAD_PostingDate, JD_ID, JD_CreationDate) VALUES ('JAD005', TO_DATE('2023-06-24', 'YYYY-MM-DD'), 'JD005', TO_DATE('2023-09-01', 'YYYY-MM-DD'));
INSERT INTO JAD_JD_EXP (JAD_ID, JAD_PostingDate, JD_ID, JD_CreationDate) VALUES ('JAD006', TO_DATE('2023-11-02', 'YYYY-MM-DD'), 'JD006', TO_DATE('2023-11-27', 'YYYY-MM-DD'));
INSERT INTO JAD_JD_EXP (JAD_ID, JAD_PostingDate, JD_ID, JD_CreationDate) VALUES ('JAD007', TO_DATE('2023-05-22', 'YYYY-MM-DD'), 'JD007', TO_DATE('2023-12-31', 'YYYY-MM-DD'));
INSERT INTO JAD_JD_EXP (JAD_ID, JAD_PostingDate, JD_ID, JD_CreationDate) VALUES ('JAD008', TO_DATE('2023-01-06', 'YYYY-MM-DD'), 'JD008', TO_DATE('2023-09-09', 'YYYY-MM-DD'));
INSERT INTO JAD_JD_EXP (JAD_ID, JAD_PostingDate, JD_ID, JD_CreationDate) VALUES ('JAD009', TO_DATE('2023-04-08', 'YYYY-MM-DD'), 'JD009', TO_DATE('2023-08-18', 'YYYY-MM-DD'));
INSERT INTO JAD_JD_EXP (JAD_ID, JAD_PostingDate, JD_ID, JD_CreationDate) VALUES ('JAD010', TO_DATE('2023-05-04', 'YYYY-MM-DD'), 'JD010', TO_DATE('2023-01-09', 'YYYY-MM-DD'));

-- Populating JAPP_JD_EXP
INSERT INTO JAPP_JD_EXP (JAPP_ID, JAPP_SubmissionDate, JD_ID, JD_CreationDate) VALUES ('JAPP001', TO_DATE('2023-02-17', 'YYYY-MM-DD'), 'JD001', TO_DATE('2023-09-08', 'YYYY-MM-DD'));
INSERT INTO JAPP_JD_EXP (JAPP_ID, JAPP_SubmissionDate, JD_ID, JD_CreationDate) VALUES ('JAPP002', TO_DATE('2023-04-24', 'YYYY-MM-DD'), 'JD002', TO_DATE('2023-10-12', 'YYYY-MM-DD'));
INSERT INTO JAPP_JD_EXP (JAPP_ID, JAPP_SubmissionDate, JD_ID, JD_CreationDate) VALUES ('JAPP003', TO_DATE('2023-12-21', 'YYYY-MM-DD'), 'JD003', TO_DATE('2023-05-04', 'YYYY-MM-DD'));
INSERT INTO JAPP_JD_EXP (JAPP_ID, JAPP_SubmissionDate, JD_ID, JD_CreationDate) VALUES ('JAPP004', TO_DATE('2023-06-06', 'YYYY-MM-DD'), 'JD004', TO_DATE('2023-12-20', 'YYYY-MM-DD'));
INSERT INTO JAPP_JD_EXP (JAPP_ID, JAPP_SubmissionDate, JD_ID, JD_CreationDate) VALUES ('JAPP005', TO_DATE('2023-10-25', 'YYYY-MM-DD'), 'JD005', TO_DATE('2023-09-01', 'YYYY-MM-DD'));
INSERT INTO JAPP_JD_EXP (JAPP_ID, JAPP_SubmissionDate, JD_ID, JD_CreationDate) VALUES ('JAPP006', TO_DATE('2023-08-31', 'YYYY-MM-DD'), 'JD006', TO_DATE('2023-11-27', 'YYYY-MM-DD'));
INSERT INTO JAPP_JD_EXP (JAPP_ID, JAPP_SubmissionDate, JD_ID, JD_CreationDate) VALUES ('JAPP007', TO_DATE('2023-09-29', 'YYYY-MM-DD'), 'JD007', TO_DATE('2023-12-31', 'YYYY-MM-DD'));
INSERT INTO JAPP_JD_EXP (JAPP_ID, JAPP_SubmissionDate, JD_ID, JD_CreationDate) VALUES ('JAPP008', TO_DATE('2023-08-06', 'YYYY-MM-DD'), 'JD008', TO_DATE('2023-09-09', 'YYYY-MM-DD'));
INSERT INTO JAPP_JD_EXP (JAPP_ID, JAPP_SubmissionDate, JD_ID, JD_CreationDate) VALUES ('JAPP009', TO_DATE('2023-06-19', 'YYYY-MM-DD'), 'JD009', TO_DATE('2023-08-18', 'YYYY-MM-DD'));
INSERT INTO JAPP_JD_EXP (JAPP_ID, JAPP_SubmissionDate, JD_ID, JD_CreationDate) VALUES ('JAPP010', TO_DATE('2023-12-26', 'YYYY-MM-DD'), 'JD010', TO_DATE('2023-01-09', 'YYYY-MM-DD'));

-- Populating IP_AS_EXP
INSERT INTO IP_AS_EXP (IP_ID, IP_CreationDate, AS_ID, AS_Code) VALUES ('IP001', TO_DATE('2013-01-14', 'YYYY-MM-DD'), 'AS001', 'AST9042');
INSERT INTO IP_AS_EXP (IP_ID, IP_CreationDate, AS_ID, AS_Code) VALUES ('IP002', TO_DATE('2013-06-09', 'YYYY-MM-DD'), 'AS002', 'AST5658');
INSERT INTO IP_AS_EXP (IP_ID, IP_CreationDate, AS_ID, AS_Code) VALUES ('IP003', TO_DATE('2012-10-26', 'YYYY-MM-DD'), 'AS003', 'AST8216');
INSERT INTO IP_AS_EXP (IP_ID, IP_CreationDate, AS_ID, AS_Code) VALUES ('IP004', TO_DATE('2012-08-02', 'YYYY-MM-DD'), 'AS004', 'AST1841');
INSERT INTO IP_AS_EXP (IP_ID, IP_CreationDate, AS_ID, AS_Code) VALUES ('IP005', TO_DATE('2011-05-10', 'YYYY-MM-DD'), 'AS005', 'AST2869');
INSERT INTO IP_AS_EXP (IP_ID, IP_CreationDate, AS_ID, AS_Code) VALUES ('IP006', TO_DATE('2018-02-02', 'YYYY-MM-DD'), 'AS006', 'AST9056');
INSERT INTO IP_AS_EXP (IP_ID, IP_CreationDate, AS_ID, AS_Code) VALUES ('IP007', TO_DATE('2012-02-28', 'YYYY-MM-DD'), 'AS007', 'AST3485');
INSERT INTO IP_AS_EXP (IP_ID, IP_CreationDate, AS_ID, AS_Code) VALUES ('IP008', TO_DATE('2013-07-16', 'YYYY-MM-DD'), 'AS008', 'AST2395');
INSERT INTO IP_AS_EXP (IP_ID, IP_CreationDate, AS_ID, AS_Code) VALUES ('IP009', TO_DATE('2011-05-05', 'YYYY-MM-DD'), 'AS009', 'AST7818');
INSERT INTO IP_AS_EXP (IP_ID, IP_CreationDate, AS_ID, AS_Code) VALUES ('IP010', TO_DATE('2018-05-01', 'YYYY-MM-DD'), 'AS010', 'AST7232');

-- Populating A_JD_EXP
INSERT INTO A_JD_EXP (A_ID, A_ApplicationDate, JD_ID, JD_CreationDate) VALUES ('A001', TO_DATE('2023-01-23', 'YYYY-MM-DD'), 'JD001', TO_DATE('2023-09-08', 'YYYY-MM-DD'));
INSERT INTO A_JD_EXP (A_ID, A_ApplicationDate, JD_ID, JD_CreationDate) VALUES ('A002', TO_DATE('2023-10-03', 'YYYY-MM-DD'), 'JD002', TO_DATE('2023-10-12', 'YYYY-MM-DD'));
INSERT INTO A_JD_EXP (A_ID, A_ApplicationDate, JD_ID, JD_CreationDate) VALUES ('A003', TO_DATE('2023-02-05', 'YYYY-MM-DD'), 'JD003', TO_DATE('2023-05-04', 'YYYY-MM-DD'));
INSERT INTO A_JD_EXP (A_ID, A_ApplicationDate, JD_ID, JD_CreationDate) VALUES ('A004', TO_DATE('2023-03-05', 'YYYY-MM-DD'), 'JD004', TO_DATE('2023-12-20', 'YYYY-MM-DD'));
INSERT INTO A_JD_EXP (A_ID, A_ApplicationDate, JD_ID, JD_CreationDate) VALUES ('A005', TO_DATE('2023-12-08', 'YYYY-MM-DD'), 'JD005', TO_DATE('2023-09-01', 'YYYY-MM-DD'));
INSERT INTO A_JD_EXP (A_ID, A_ApplicationDate, JD_ID, JD_CreationDate) VALUES ('A006', TO_DATE('2023-12-23', 'YYYY-MM-DD'), 'JD006', TO_DATE('2023-11-27', 'YYYY-MM-DD'));
INSERT INTO A_JD_EXP (A_ID, A_ApplicationDate, JD_ID, JD_CreationDate) VALUES ('A007', TO_DATE('2023-04-09', 'YYYY-MM-DD'), 'JD007', TO_DATE('2023-12-31', 'YYYY-MM-DD'));
INSERT INTO A_JD_EXP (A_ID, A_ApplicationDate, JD_ID, JD_CreationDate) VALUES ('A008', TO_DATE('2023-03-31', 'YYYY-MM-DD'), 'JD008', TO_DATE('2023-09-09', 'YYYY-MM-DD'));
INSERT INTO A_JD_EXP (A_ID, A_ApplicationDate, JD_ID, JD_CreationDate) VALUES ('A009', TO_DATE('2023-07-27', 'YYYY-MM-DD'), 'JD009', TO_DATE('2023-08-18', 'YYYY-MM-DD'));
INSERT INTO A_JD_EXP (A_ID, A_ApplicationDate, JD_ID, JD_CreationDate) VALUES ('A010', TO_DATE('2023-05-27', 'YYYY-MM-DD'), 'JD010', TO_DATE('2023-01-09', 'YYYY-MM-DD'));

-- Populating F_AS_EXP
INSERT INTO F_AS_EXP (F_ID, F_Code, AS_ID, AS_Code) VALUES ('F001', 'FND01', 'AS001', 'AST9042');
INSERT INTO F_AS_EXP (F_ID, F_Code, AS_ID, AS_Code) VALUES ('F002', 'FND02', 'AS002', 'AST5658');
INSERT INTO F_AS_EXP (F_ID, F_Code, AS_ID, AS_Code) VALUES ('F003', 'FND03', 'AS003', 'AST8216');
INSERT INTO F_AS_EXP (F_ID, F_Code, AS_ID, AS_Code) VALUES ('F004', 'FND04', 'AS004', 'AST1841');
INSERT INTO F_AS_EXP (F_ID, F_Code, AS_ID, AS_Code) VALUES ('F005', 'FND05', 'AS005', 'AST2869');
INSERT INTO F_AS_EXP (F_ID, F_Code, AS_ID, AS_Code) VALUES ('F006', 'FND06', 'AS006', 'AST9056');
INSERT INTO F_AS_EXP (F_ID, F_Code, AS_ID, AS_Code) VALUES ('F007', 'FND07', 'AS007', 'AST3485');
INSERT INTO F_AS_EXP (F_ID, F_Code, AS_ID, AS_Code) VALUES ('F008', 'FND08', 'AS008', 'AST2395');
INSERT INTO F_AS_EXP (F_ID, F_Code, AS_ID, AS_Code) VALUES ('F009', 'FND09', 'AS009', 'AST7818');
INSERT INTO F_AS_EXP (F_ID, F_Code, AS_ID, AS_Code) VALUES ('F010', 'FND10', 'AS010', 'AST7232');

-- Populating S_BA_EXP
INSERT INTO S_BA_EXP (S_ID, S_Period, BA_ID, BA_RegistrationDate) VALUES ('S001', '2023-H1', 'BA001', TO_DATE('2017-08-18', 'YYYY-MM-DD'));
INSERT INTO S_BA_EXP (S_ID, S_Period, BA_ID, BA_RegistrationDate) VALUES ('S002', '2023-H1', 'BA002', TO_DATE('2018-01-17', 'YYYY-MM-DD'));
INSERT INTO S_BA_EXP (S_ID, S_Period, BA_ID, BA_RegistrationDate) VALUES ('S003', '2023-H1', 'BA003', TO_DATE('2018-10-07', 'YYYY-MM-DD'));
INSERT INTO S_BA_EXP (S_ID, S_Period, BA_ID, BA_RegistrationDate) VALUES ('S004', '2023-H1', 'BA004', TO_DATE('2018-08-02', 'YYYY-MM-DD'));
INSERT INTO S_BA_EXP (S_ID, S_Period, BA_ID, BA_RegistrationDate) VALUES ('S005', '2023-H1', 'BA005', TO_DATE('2021-01-21', 'YYYY-MM-DD'));
INSERT INTO S_BA_EXP (S_ID, S_Period, BA_ID, BA_RegistrationDate) VALUES ('S006', '2023-H1', 'BA006', TO_DATE('2015-11-27', 'YYYY-MM-DD'));
INSERT INTO S_BA_EXP (S_ID, S_Period, BA_ID, BA_RegistrationDate) VALUES ('S007', '2023-H1', 'BA007', TO_DATE('2016-07-20', 'YYYY-MM-DD'));
INSERT INTO S_BA_EXP (S_ID, S_Period, BA_ID, BA_RegistrationDate) VALUES ('S008', '2023-H1', 'BA008', TO_DATE('2016-09-09', 'YYYY-MM-DD'));
INSERT INTO S_BA_EXP (S_ID, S_Period, BA_ID, BA_RegistrationDate) VALUES ('S009', '2023-H1', 'BA009', TO_DATE('2017-08-05', 'YYYY-MM-DD'));
INSERT INTO S_BA_EXP (S_ID, S_Period, BA_ID, BA_RegistrationDate) VALUES ('S010', '2023-H1', 'BA010', TO_DATE('2019-04-18', 'YYYY-MM-DD'));

-- Populating A_JAD_EXP
INSERT INTO A_JAD_EXP (A_ID, A_ApplicationDate, JAD_ID, JAD_PostingDate) VALUES ('A001', TO_DATE('2023-01-23', 'YYYY-MM-DD'), 'JAD001', TO_DATE('2023-01-15', 'YYYY-MM-DD'));
INSERT INTO A_JAD_EXP (A_ID, A_ApplicationDate, JAD_ID, JAD_PostingDate) VALUES ('A002', TO_DATE('2023-10-03', 'YYYY-MM-DD'), 'JAD002', TO_DATE('2023-06-16', 'YYYY-MM-DD'));
INSERT INTO A_JAD_EXP (A_ID, A_ApplicationDate, JAD_ID, JAD_PostingDate) VALUES ('A003', TO_DATE('2023-02-05', 'YYYY-MM-DD'), 'JAD003', TO_DATE('2023-09-07', 'YYYY-MM-DD'));
INSERT INTO A_JAD_EXP (A_ID, A_ApplicationDate, JAD_ID, JAD_PostingDate) VALUES ('A004', TO_DATE('2023-03-05', 'YYYY-MM-DD'), 'JAD004', TO_DATE('2023-07-01', 'YYYY-MM-DD'));
INSERT INTO A_JAD_EXP (A_ID, A_ApplicationDate, JAD_ID, JAD_PostingDate) VALUES ('A005', TO_DATE('2023-12-08', 'YYYY-MM-DD'), 'JAD005', TO_DATE('2023-06-24', 'YYYY-MM-DD'));
INSERT INTO A_JAD_EXP (A_ID, A_ApplicationDate, JAD_ID, JAD_PostingDate) VALUES ('A006', TO_DATE('2023-12-23', 'YYYY-MM-DD'), 'JAD006', TO_DATE('2023-11-02', 'YYYY-MM-DD'));
INSERT INTO A_JAD_EXP (A_ID, A_ApplicationDate, JAD_ID, JAD_PostingDate) VALUES ('A007', TO_DATE('2023-04-09', 'YYYY-MM-DD'), 'JAD007', TO_DATE('2023-05-22', 'YYYY-MM-DD'));
INSERT INTO A_JAD_EXP (A_ID, A_ApplicationDate, JAD_ID, JAD_PostingDate) VALUES ('A008', TO_DATE('2023-03-31', 'YYYY-MM-DD'), 'JAD008', TO_DATE('2023-01-06', 'YYYY-MM-DD'));
INSERT INTO A_JAD_EXP (A_ID, A_ApplicationDate, JAD_ID, JAD_PostingDate) VALUES ('A009', TO_DATE('2023-07-27', 'YYYY-MM-DD'), 'JAD009', TO_DATE('2023-04-08', 'YYYY-MM-DD'));
INSERT INTO A_JAD_EXP (A_ID, A_ApplicationDate, JAD_ID, JAD_PostingDate) VALUES ('A010', TO_DATE('2023-05-27', 'YYYY-MM-DD'), 'JAD010', TO_DATE('2023-05-04', 'YYYY-MM-DD'));

-- Populating JAPP_JAD_EXP
INSERT INTO JAPP_JAD_EXP (JAPP_ID, JAPP_SubmissionDate, JAD_ID, JAD_PostingDate) VALUES ('JAPP001', TO_DATE('2023-02-17', 'YYYY-MM-DD'), 'JAD001', TO_DATE('2023-01-15', 'YYYY-MM-DD'));
INSERT INTO JAPP_JAD_EXP (JAPP_ID, JAPP_SubmissionDate, JAD_ID, JAD_PostingDate) VALUES ('JAPP002', TO_DATE('2023-04-24', 'YYYY-MM-DD'), 'JAD002', TO_DATE('2023-06-16', 'YYYY-MM-DD'));
INSERT INTO JAPP_JAD_EXP (JAPP_ID, JAPP_SubmissionDate, JAD_ID, JAD_PostingDate) VALUES ('JAPP003', TO_DATE('2023-12-21', 'YYYY-MM-DD'), 'JAD003', TO_DATE('2023-09-07', 'YYYY-MM-DD'));
INSERT INTO JAPP_JAD_EXP (JAPP_ID, JAPP_SubmissionDate, JAD_ID, JAD_PostingDate) VALUES ('JAPP004', TO_DATE('2023-06-06', 'YYYY-MM-DD'), 'JAD004', TO_DATE('2023-07-01', 'YYYY-MM-DD'));
INSERT INTO JAPP_JAD_EXP (JAPP_ID, JAPP_SubmissionDate, JAD_ID, JAD_PostingDate) VALUES ('JAPP005', TO_DATE('2023-10-25', 'YYYY-MM-DD'), 'JAD005', TO_DATE('2023-06-24', 'YYYY-MM-DD'));
INSERT INTO JAPP_JAD_EXP (JAPP_ID, JAPP_SubmissionDate, JAD_ID, JAD_PostingDate) VALUES ('JAPP006', TO_DATE('2023-08-31', 'YYYY-MM-DD'), 'JAD006', TO_DATE('2023-11-02', 'YYYY-MM-DD'));
INSERT INTO JAPP_JAD_EXP (JAPP_ID, JAPP_SubmissionDate, JAD_ID, JAD_PostingDate) VALUES ('JAPP007', TO_DATE('2023-09-29', 'YYYY-MM-DD'), 'JAD007', TO_DATE('2023-05-22', 'YYYY-MM-DD'));
INSERT INTO JAPP_JAD_EXP (JAPP_ID, JAPP_SubmissionDate, JAD_ID, JAD_PostingDate) VALUES ('JAPP008', TO_DATE('2023-08-06', 'YYYY-MM-DD'), 'JAD008', TO_DATE('2023-01-06', 'YYYY-MM-DD'));
INSERT INTO JAPP_JAD_EXP (JAPP_ID, JAPP_SubmissionDate, JAD_ID, JAD_PostingDate) VALUES ('JAPP009', TO_DATE('2023-06-19', 'YYYY-MM-DD'), 'JAD009', TO_DATE('2023-04-08', 'YYYY-MM-DD'));
INSERT INTO JAPP_JAD_EXP (JAPP_ID, JAPP_SubmissionDate, JAD_ID, JAD_PostingDate) VALUES ('JAPP010', TO_DATE('2023-12-26', 'YYYY-MM-DD'), 'JAD010', TO_DATE('2023-05-04', 'YYYY-MM-DD'));

-- Populating E_JAPP_EXP
INSERT INTO E_JAPP_EXP (E_ID, E_HireDate, JAPP_ID, JAPP_SubmissionDate) VALUES ('E001', TO_DATE('2016-11-30', 'YYYY-MM-DD'), 'JAPP001', TO_DATE('2023-02-17', 'YYYY-MM-DD'));
INSERT INTO E_JAPP_EXP (E_ID, E_HireDate, JAPP_ID, JAPP_SubmissionDate) VALUES ('E002', TO_DATE('2015-08-07', 'YYYY-MM-DD'), 'JAPP002', TO_DATE('2023-04-24', 'YYYY-MM-DD'));
INSERT INTO E_JAPP_EXP (E_ID, E_HireDate, JAPP_ID, JAPP_SubmissionDate) VALUES ('E003', TO_DATE('2013-06-20', 'YYYY-MM-DD'), 'JAPP003', TO_DATE('2023-12-21', 'YYYY-MM-DD'));
INSERT INTO E_JAPP_EXP (E_ID, E_HireDate, JAPP_ID, JAPP_SubmissionDate) VALUES ('E004', TO_DATE('2010-07-23', 'YYYY-MM-DD'), 'JAPP004', TO_DATE('2023-06-06', 'YYYY-MM-DD'));
INSERT INTO E_JAPP_EXP (E_ID, E_HireDate, JAPP_ID, JAPP_SubmissionDate) VALUES ('E005', TO_DATE('2015-07-26', 'YYYY-MM-DD'), 'JAPP005', TO_DATE('2023-10-25', 'YYYY-MM-DD'));
INSERT INTO E_JAPP_EXP (E_ID, E_HireDate, JAPP_ID, JAPP_SubmissionDate) VALUES ('E006', TO_DATE('2018-07-31', 'YYYY-MM-DD'), 'JAPP006', TO_DATE('2023-08-31', 'YYYY-MM-DD'));
INSERT INTO E_JAPP_EXP (E_ID, E_HireDate, JAPP_ID, JAPP_SubmissionDate) VALUES ('E007', TO_DATE('2020-04-28', 'YYYY-MM-DD'), 'JAPP007', TO_DATE('2023-09-29', 'YYYY-MM-DD'));
INSERT INTO E_JAPP_EXP (E_ID, E_HireDate, JAPP_ID, JAPP_SubmissionDate) VALUES ('E008', TO_DATE('2010-07-13', 'YYYY-MM-DD'), 'JAPP008', TO_DATE('2023-08-06', 'YYYY-MM-DD'));
INSERT INTO E_JAPP_EXP (E_ID, E_HireDate, JAPP_ID, JAPP_SubmissionDate) VALUES ('E009', TO_DATE('2016-04-01', 'YYYY-MM-DD'), 'JAPP009', TO_DATE('2023-06-19', 'YYYY-MM-DD'));
INSERT INTO E_JAPP_EXP (E_ID, E_HireDate, JAPP_ID, JAPP_SubmissionDate) VALUES ('E010', TO_DATE('2018-12-19', 'YYYY-MM-DD'), 'JAPP010', TO_DATE('2023-12-26', 'YYYY-MM-DD'));

-- Populating E_RF_EXP
INSERT INTO E_RF_EXP (E_ID, E_HireDate, RF_ID, RF_SubmissionDate) VALUES ('E001', TO_DATE('2016-11-30', 'YYYY-MM-DD'), 'RF001', TO_DATE('2021-04-26', 'YYYY-MM-DD'));
INSERT INTO E_RF_EXP (E_ID, E_HireDate, RF_ID, RF_SubmissionDate) VALUES ('E002', TO_DATE('2015-08-07', 'YYYY-MM-DD'), 'RF002', TO_DATE('2021-04-05', 'YYYY-MM-DD'));
INSERT INTO E_RF_EXP (E_ID, E_HireDate, RF_ID, RF_SubmissionDate) VALUES ('E003', TO_DATE('2013-06-20', 'YYYY-MM-DD'), 'RF003', TO_DATE('2020-02-20', 'YYYY-MM-DD'));
INSERT INTO E_RF_EXP (E_ID, E_HireDate, RF_ID, RF_SubmissionDate) VALUES ('E004', TO_DATE('2010-07-23', 'YYYY-MM-DD'), 'RF004', TO_DATE('2022-08-31', 'YYYY-MM-DD'));
INSERT INTO E_RF_EXP (E_ID, E_HireDate, RF_ID, RF_SubmissionDate) VALUES ('E005', TO_DATE('2015-07-26', 'YYYY-MM-DD'), 'RF005', TO_DATE('2022-07-21', 'YYYY-MM-DD'));
INSERT INTO E_RF_EXP (E_ID, E_HireDate, RF_ID, RF_SubmissionDate) VALUES ('E006', TO_DATE('2018-07-31', 'YYYY-MM-DD'), 'RF006', TO_DATE('2023-03-24', 'YYYY-MM-DD'));
INSERT INTO E_RF_EXP (E_ID, E_HireDate, RF_ID, RF_SubmissionDate) VALUES ('E007', TO_DATE('2020-04-28', 'YYYY-MM-DD'), 'RF007', TO_DATE('2022-02-25', 'YYYY-MM-DD'));
INSERT INTO E_RF_EXP (E_ID, E_HireDate, RF_ID, RF_SubmissionDate) VALUES ('E008', TO_DATE('2010-07-13', 'YYYY-MM-DD'), 'RF008', TO_DATE('2021-05-14', 'YYYY-MM-DD'));
INSERT INTO E_RF_EXP (E_ID, E_HireDate, RF_ID, RF_SubmissionDate) VALUES ('E009', TO_DATE('2016-04-01', 'YYYY-MM-DD'), 'RF009', TO_DATE('2023-11-09', 'YYYY-MM-DD'));
INSERT INTO E_RF_EXP (E_ID, E_HireDate, RF_ID, RF_SubmissionDate) VALUES ('E010', TO_DATE('2018-12-19', 'YYYY-MM-DD'), 'RF010', TO_DATE('2022-05-20', 'YYYY-MM-DD'));

-- Populating E_D_EXP
INSERT INTO E_D_EXP (E_ID, E_HireDate, D_ID, D_DeclarationDate) VALUES ('E001', TO_DATE('2016-11-30', 'YYYY-MM-DD'), 'D001', TO_DATE('2023-07-03', 'YYYY-MM-DD'));
INSERT INTO E_D_EXP (E_ID, E_HireDate, D_ID, D_DeclarationDate) VALUES ('E002', TO_DATE('2015-08-07', 'YYYY-MM-DD'), 'D002', TO_DATE('2022-07-09', 'YYYY-MM-DD'));
INSERT INTO E_D_EXP (E_ID, E_HireDate, D_ID, D_DeclarationDate) VALUES ('E003', TO_DATE('2013-06-20', 'YYYY-MM-DD'), 'D003', TO_DATE('2022-08-10', 'YYYY-MM-DD'));
INSERT INTO E_D_EXP (E_ID, E_HireDate, D_ID, D_DeclarationDate) VALUES ('E004', TO_DATE('2010-07-23', 'YYYY-MM-DD'), 'D004', TO_DATE('2022-10-11', 'YYYY-MM-DD'));
INSERT INTO E_D_EXP (E_ID, E_HireDate, D_ID, D_DeclarationDate) VALUES ('E005', TO_DATE('2015-07-26', 'YYYY-MM-DD'), 'D005', TO_DATE('2023-06-22', 'YYYY-MM-DD'));
INSERT INTO E_D_EXP (E_ID, E_HireDate, D_ID, D_DeclarationDate) VALUES ('E006', TO_DATE('2018-07-31', 'YYYY-MM-DD'), 'D006', TO_DATE('2022-10-17', 'YYYY-MM-DD'));
INSERT INTO E_D_EXP (E_ID, E_HireDate, D_ID, D_DeclarationDate) VALUES ('E007', TO_DATE('2020-04-28', 'YYYY-MM-DD'), 'D007', TO_DATE('2022-07-18', 'YYYY-MM-DD'));
INSERT INTO E_D_EXP (E_ID, E_HireDate, D_ID, D_DeclarationDate) VALUES ('E008', TO_DATE('2010-07-13', 'YYYY-MM-DD'), 'D008', TO_DATE('2022-08-21', 'YYYY-MM-DD'));
INSERT INTO E_D_EXP (E_ID, E_HireDate, D_ID, D_DeclarationDate) VALUES ('E009', TO_DATE('2016-04-01', 'YYYY-MM-DD'), 'D009', TO_DATE('2022-07-03', 'YYYY-MM-DD'));
INSERT INTO E_D_EXP (E_ID, E_HireDate, D_ID, D_DeclarationDate) VALUES ('E010', TO_DATE('2018-12-19', 'YYYY-MM-DD'), 'D010', TO_DATE('2022-01-15', 'YYYY-MM-DD'));

